path	sha256	source
third_party/win_build_output/midl/chrome/elevation_service/arm/elevation_service_idl.dlldata.c	5dcebd99aa2bb970f36b8e6fe34f2517b4f1d989c2240c97546e96c8711ade8e	chrome/elevation_service/elevation_service_idl.idl -> midl.exe 26100 x64 8.01.0628 /env arm32
third_party/win_build_output/midl/chrome/elevation_service/arm/elevation_service_idl.h	e5ad7d84f160c0f62f70ad105b711d7d1dc89effefd080a202ec68398f006cc8	chrome/elevation_service/elevation_service_idl.idl -> midl.exe 26100 x64 8.01.0628 /env arm32
third_party/win_build_output/midl/chrome/elevation_service/arm/elevation_service_idl.tlb	fbde57faa286dba3f943186c3a6fae7fd886b65fa0edf88e7e4fbe34f81a7ed7	chrome/elevation_service/elevation_service_idl.idl -> midl.exe 26100 x64 8.01.0628 /env arm32
third_party/win_build_output/midl/chrome/elevation_service/arm/elevation_service_idl_i.c	893d8d9d1b3dba8a99c7bc8699306699e35e3a826ea8f6fd670f20ef09542444	chrome/elevation_service/elevation_service_idl.idl -> midl.exe 26100 x64 8.01.0628 /env arm32
third_party/win_build_output/midl/chrome/elevation_service/arm/elevation_service_idl_p.c	ebf87e99737bb534aa528060fe9f94b6a93e173c33d11f4f07a85a64ffc4fbaa	chrome/elevation_service/elevation_service_idl.idl -> midl.exe 26100 x64 8.01.0628 /env arm32
third_party/win_build_output/midl/chrome/updater/app/server/win/arm/updater_idl.dlldata.c	2ec308a865a192e906b72cf7029cc934c9993825a79f6a47b41661639bac20e8	chrome/updater/app/server/win/updater_idl.template -> generate_user_system_idl.py -> midl.py (PLACEHOLDER-GUID- stripped, no substitution) -> midl.exe 26100 x64 8.01.0628 /env arm32
third_party/win_build_output/midl/chrome/updater/app/server/win/arm/updater_idl.h	5877b574d8789626329c96aab4a359c0d25e87c1e089e53cfe1f4382cad75bce	chrome/updater/app/server/win/updater_idl.template -> generate_user_system_idl.py -> midl.py (PLACEHOLDER-GUID- stripped, no substitution) -> midl.exe 26100 x64 8.01.0628 /env arm32
third_party/win_build_output/midl/chrome/updater/app/server/win/arm/updater_idl.tlb	214b989b36bb0573c9dd37ec4ac79202d9d53c8b3ad1ee4aed0e0ba777d6c401	chrome/updater/app/server/win/updater_idl.template -> generate_user_system_idl.py -> midl.py (PLACEHOLDER-GUID- stripped, no substitution) -> midl.exe 26100 x64 8.01.0628 /env arm32
third_party/win_build_output/midl/chrome/updater/app/server/win/arm/updater_idl_i.c	b937785d3b70663b8bed177deeac484c58a6de5b8e07464b6179a4a260661ae0	chrome/updater/app/server/win/updater_idl.template -> generate_user_system_idl.py -> midl.py (PLACEHOLDER-GUID- stripped, no substitution) -> midl.exe 26100 x64 8.01.0628 /env arm32
third_party/win_build_output/midl/chrome/updater/app/server/win/arm/updater_idl_p.c	8e797bc175fb30aae92c8b7955270b98efd2fed7090d81eb809e3cf409d93cf1	chrome/updater/app/server/win/updater_idl.template -> generate_user_system_idl.py -> midl.py (PLACEHOLDER-GUID- stripped, no substitution) -> midl.exe 26100 x64 8.01.0628 /env arm32
third_party/win_build_output/midl/chrome/updater/app/server/win/arm/updater_internal_idl.dlldata.c	e21cf5c62f8d316f984d1349d13dff11e65713cf5e1e989da1c4dee9d2a59494	chrome/updater/app/server/win/updater_internal_idl.template -> generate_user_system_idl.py -> midl.py (PLACEHOLDER-GUID- stripped, no substitution) -> midl.exe 26100 x64 8.01.0628 /env arm32
third_party/win_build_output/midl/chrome/updater/app/server/win/arm/updater_internal_idl.h	eabc5a0850d5637b11f863ab6c12fdb69eef1de81a0cdc42408a45df48c1a420	chrome/updater/app/server/win/updater_internal_idl.template -> generate_user_system_idl.py -> midl.py (PLACEHOLDER-GUID- stripped, no substitution) -> midl.exe 26100 x64 8.01.0628 /env arm32
third_party/win_build_output/midl/chrome/updater/app/server/win/arm/updater_internal_idl.tlb	9bd92911d385db4e8f24137a850dce8f3eff708d6c2304ffe700c08839bad3c0	chrome/updater/app/server/win/updater_internal_idl.template -> generate_user_system_idl.py -> midl.py (PLACEHOLDER-GUID- stripped, no substitution) -> midl.exe 26100 x64 8.01.0628 /env arm32
third_party/win_build_output/midl/chrome/updater/app/server/win/arm/updater_internal_idl_i.c	0327f4369488005b816190e4aef5c8adfac93cc531c3b773666cecd0c4a64e64	chrome/updater/app/server/win/updater_internal_idl.template -> generate_user_system_idl.py -> midl.py (PLACEHOLDER-GUID- stripped, no substitution) -> midl.exe 26100 x64 8.01.0628 /env arm32
third_party/win_build_output/midl/chrome/updater/app/server/win/arm/updater_internal_idl_p.c	7a2dd778c1eef01c165c21f57640c336cd497189570601f7787e65d9d36014cd	chrome/updater/app/server/win/updater_internal_idl.template -> generate_user_system_idl.py -> midl.py (PLACEHOLDER-GUID- stripped, no substitution) -> midl.exe 26100 x64 8.01.0628 /env arm32
third_party/win_build_output/midl/chrome/updater/app/server/win/arm/updater_legacy_idl.dlldata.c	94a108310a6192f3193eaae9e645f5d545b08aac77056b83ee7c407cb6158a19	chrome/updater/app/server/win/updater_legacy_idl.template -> generate_user_system_idl.py -> midl.py (PLACEHOLDER-GUID- stripped, no substitution) -> midl.exe 26100 x64 8.01.0628 /env arm32
third_party/win_build_output/midl/chrome/updater/app/server/win/arm/updater_legacy_idl.h	c9c7028f5dea34af20e5ff6d6163633330e2dcbcf17662dd394b5fea39779989	chrome/updater/app/server/win/updater_legacy_idl.template -> generate_user_system_idl.py -> midl.py (PLACEHOLDER-GUID- stripped, no substitution) -> midl.exe 26100 x64 8.01.0628 /env arm32
third_party/win_build_output/midl/chrome/updater/app/server/win/arm/updater_legacy_idl.tlb	f59815c350917fefe3b43cf6437e9de685c57ad9c6f49b51cb87d6f7077dc0ad	chrome/updater/app/server/win/updater_legacy_idl.template -> generate_user_system_idl.py -> midl.py (PLACEHOLDER-GUID- stripped, no substitution) -> midl.exe 26100 x64 8.01.0628 /env arm32
third_party/win_build_output/midl/chrome/updater/app/server/win/arm/updater_legacy_idl_i.c	b5ffa0ee5be8e69d090ebc5fb0338c6c5b9631f3c0a5551a6dd09eade46907f2	chrome/updater/app/server/win/updater_legacy_idl.template -> generate_user_system_idl.py -> midl.py (PLACEHOLDER-GUID- stripped, no substitution) -> midl.exe 26100 x64 8.01.0628 /env arm32
third_party/win_build_output/midl/chrome/updater/app/server/win/arm/updater_legacy_idl_p.c	5f257933d019b378810c69973f28d6697f40b3e9fdb6c48d0d5f02414f36d53d	chrome/updater/app/server/win/updater_legacy_idl.template -> generate_user_system_idl.py -> midl.py (PLACEHOLDER-GUID- stripped, no substitution) -> midl.exe 26100 x64 8.01.0628 /env arm32
third_party/win_build_output/midl/chrome/windows_services/elevated_tracing_service/arm/tracing_service_idl.dlldata.c	ec0d5b157ca15853eba00c798418547ac68418a7dcbbf585093e608a6c9a14fa	chrome/windows_services/elevated_tracing_service/tracing_service_idl.idl -> midl.exe 26100 x64 8.01.0628 /env arm32
third_party/win_build_output/midl/chrome/windows_services/elevated_tracing_service/arm/tracing_service_idl.h	b5c32f0ad9e5d3806cae3cf814ea462eb194d7cf8fba6ec175edd7819366f363	chrome/windows_services/elevated_tracing_service/tracing_service_idl.idl -> midl.exe 26100 x64 8.01.0628 /env arm32
third_party/win_build_output/midl/chrome/windows_services/elevated_tracing_service/arm/tracing_service_idl.tlb	fe98906951760f98cd557c6e679199b6656ff707c5edb1acca512f4483d9a640	chrome/windows_services/elevated_tracing_service/tracing_service_idl.idl -> midl.exe 26100 x64 8.01.0628 /env arm32
third_party/win_build_output/midl/chrome/windows_services/elevated_tracing_service/arm/tracing_service_idl_i.c	f78e7c955d753882a3fc98dfff3a68d6b7539ee240fa915eda3a3852a00458e2	chrome/windows_services/elevated_tracing_service/tracing_service_idl.idl -> midl.exe 26100 x64 8.01.0628 /env arm32
third_party/win_build_output/midl/chrome/windows_services/elevated_tracing_service/arm/tracing_service_idl_p.c	d18a8cabed95aeeb81ec0e0195408b64c53a3690fff0b98e78769cdff9c21a8e	chrome/windows_services/elevated_tracing_service/tracing_service_idl.idl -> midl.exe 26100 x64 8.01.0628 /env arm32
third_party/win_build_output/midl/third_party/iaccessible2/arm/ia2_api_all.dlldata.c	5b257b5332ecd362699e05a460ce1ae9db14ac913d35ac357c90e2f920430273	third_party/iaccessible2/ia2_api_all.idl -> midl.exe 26100 x64 8.01.0628 /env arm32
third_party/win_build_output/midl/third_party/iaccessible2/arm/ia2_api_all.h	c167f34f5f720548e6906fcbd2585dc500bfb2696b4524a2cefb79ed60a2891c	third_party/iaccessible2/ia2_api_all.idl -> midl.exe 26100 x64 8.01.0628 /env arm32
third_party/win_build_output/midl/third_party/iaccessible2/arm/ia2_api_all_i.c	7ffec94eb24811a6465a6a3dd651df601d99b1c62e7cc41a4ff1180ae203d9f3	third_party/iaccessible2/ia2_api_all.idl -> midl.exe 26100 x64 8.01.0628 /env arm32
third_party/win_build_output/midl/third_party/iaccessible2/arm/ia2_api_all_p.c	c024570935edb6dfd7b28cdf366544e717db45281096abce48c9f48cc2df8c48	third_party/iaccessible2/ia2_api_all.idl -> midl.exe 26100 x64 8.01.0628 /env arm32
third_party/win_build_output/midl/third_party/isimpledom/ISimpleDOMDocument.idl/arm/ISimpleDOMDocument.dlldata.c	c3dc05dafa112ebe9fa2b471fb04bbfd95c80d4ecf9c3030815065e28408f3c0	third_party/isimpledom/ISimpleDOMDocument.idl -> midl.exe 26100 x64 8.01.0628 /env arm32
third_party/win_build_output/midl/third_party/isimpledom/ISimpleDOMDocument.idl/arm/ISimpleDOMDocument.h	e78de751fb23710645297d728d431e0e2b92beb8049a909daaf02098dabc2df7	third_party/isimpledom/ISimpleDOMDocument.idl -> midl.exe 26100 x64 8.01.0628 /env arm32
third_party/win_build_output/midl/third_party/isimpledom/ISimpleDOMDocument.idl/arm/ISimpleDOMDocument_i.c	29f45b2c80874ebe55c363cf62d00a07d9e27816c3a2d11ecc5a94da6173144a	third_party/isimpledom/ISimpleDOMDocument.idl -> midl.exe 26100 x64 8.01.0628 /env arm32
third_party/win_build_output/midl/third_party/isimpledom/ISimpleDOMDocument.idl/arm/ISimpleDOMDocument_p.c	be00d2e24ebf1984a22aaf647b4d4f85850899d8150f9daf01d2107de90d705d	third_party/isimpledom/ISimpleDOMDocument.idl -> midl.exe 26100 x64 8.01.0628 /env arm32
third_party/win_build_output/midl/third_party/isimpledom/ISimpleDOMNode.idl/arm/ISimpleDOMNode.dlldata.c	416ecb720e85af99fac0b4f4f43500d02f71fdff6dd82e4b1d57f48c3352f29d	third_party/isimpledom/ISimpleDOMNode.idl -> midl.exe 26100 x64 8.01.0628 /env arm32
third_party/win_build_output/midl/third_party/isimpledom/ISimpleDOMNode.idl/arm/ISimpleDOMNode.h	3fa21a02f01d2d67f4e7201a79932ede21e5f813bba33b38e0f7d8966e7e5fcb	third_party/isimpledom/ISimpleDOMNode.idl -> midl.exe 26100 x64 8.01.0628 /env arm32
third_party/win_build_output/midl/third_party/isimpledom/ISimpleDOMNode.idl/arm/ISimpleDOMNode_i.c	a8fc247799343832c54f22bdca093a5c8c00464c38bbb5b9186f93ab2e7317b3	third_party/isimpledom/ISimpleDOMNode.idl -> midl.exe 26100 x64 8.01.0628 /env arm32
third_party/win_build_output/midl/third_party/isimpledom/ISimpleDOMNode.idl/arm/ISimpleDOMNode_p.c	06514213726d43daf564962fd7be2528e77720a458474bbea078178ec4bc3e55	third_party/isimpledom/ISimpleDOMNode.idl -> midl.exe 26100 x64 8.01.0628 /env arm32
third_party/win_build_output/midl/third_party/isimpledom/ISimpleDOMText.idl/arm/ISimpleDOMText.dlldata.c	e3126e400833aaf6ef1e222a7889609f4a3a351b7a906036cd246085f128aeaf	third_party/isimpledom/ISimpleDOMText.idl -> midl.exe 26100 x64 8.01.0628 /env arm32
third_party/win_build_output/midl/third_party/isimpledom/ISimpleDOMText.idl/arm/ISimpleDOMText.h	c10ee836d5c243c106b3f57e127677c5d203c7a85343310b45993973ceca077d	third_party/isimpledom/ISimpleDOMText.idl -> midl.exe 26100 x64 8.01.0628 /env arm32
third_party/win_build_output/midl/third_party/isimpledom/ISimpleDOMText.idl/arm/ISimpleDOMText_i.c	4343cb8b790a68e6e8e41fc64241eac119784b7042382a08ae46e05b24fadc1e	third_party/isimpledom/ISimpleDOMText.idl -> midl.exe 26100 x64 8.01.0628 /env arm32
third_party/win_build_output/midl/third_party/isimpledom/ISimpleDOMText.idl/arm/ISimpleDOMText_p.c	7ea250bd5c42b02bae5f82ae7a56a242230e9658e9526e11c6ca564d401ff692	third_party/isimpledom/ISimpleDOMText.idl -> midl.exe 26100 x64 8.01.0628 /env arm32
third_party/win_build_output/midl/ui/accessibility/platform/arm/ichromeaccessible.dlldata.c	aaf4da7ad9118860af0539429d2eb3ca23048cb5958095060b84a59822347384	ui/accessibility/platform/ichromeaccessible.idl -> midl.exe 26100 x64 8.01.0628 /env arm32
third_party/win_build_output/midl/ui/accessibility/platform/arm/ichromeaccessible.h	0695890d8feef9deb54e600c87677b7162768c62b30d906be25c77724b9af56d	ui/accessibility/platform/ichromeaccessible.idl -> midl.exe 26100 x64 8.01.0628 /env arm32
third_party/win_build_output/midl/ui/accessibility/platform/arm/ichromeaccessible_i.c	c024b166ff1be4e82dd5d19e03d83177ef61cb91311abfbc1733525b74c9ac11	ui/accessibility/platform/ichromeaccessible.idl -> midl.exe 26100 x64 8.01.0628 /env arm32
third_party/win_build_output/midl/ui/accessibility/platform/arm/ichromeaccessible_p.c	e73380e334dfca2ee6d8f9ef27d8fd835e6a7f414e7ce53ee1cb777ec5dba0f4	ui/accessibility/platform/ichromeaccessible.idl -> midl.exe 26100 x64 8.01.0628 /env arm32
