# X86-1 §1.3: build inputs DEPS pins but the Chromium 150.0.7871.226 tarball lacks; fetched at the exact pin, hash-verified,
# placed where DEPS puts them (paths under F:/cr/src), never overwriting a file. path<TAB>sha256<TAB>source<TAB>pin
build/toolchain/win/rc/win/rc.exe	903769d98df8a005c79d52d7089fe34f23c0b7ada4cd0c42b6063526a5593e6a	gcs chromium-browser-clang/rc/dea7da0d9bfcb8dad6cf53ca608dddac3459faaa (hook rc_win)	sha1 dea7da0d9bfcb8dad6cf53ca608dddac3459faaa
third_party/devtools-frontend/src/third_party/esbuild/esbuild.exe	e994538826fba1e34f9154b7a3bcd7fef1a2173b1c26a00e131eaa68f8e34013	cipd infra/3pp/tools/esbuild/windows-amd64	version:3@0.25.1.chromium.2 = instance 279bd07fe33e778182f149ab6af8abedc6154a6feccfcb07d1b26258b8cdab73
third_party/gperf/README.chromium	84444366b8ee66e723ca5dc16f8d5110cfcb10533e3cc11af16d2a2af6064ca0	git chromium.googlesource.com/chromium/deps/gperf.git	e9eeea862a18e77b945d98eff7e1bf065d3daf8e
third_party/gperf/bin/gperf.exe	3f9266ea2d2bd19a503b5d2ec613e983c6ed9ea45ff6b5820b0681fd1b778d12	git chromium.googlesource.com/chromium/deps/gperf.git	e9eeea862a18e77b945d98eff7e1bf065d3daf8e
third_party/gperf/codereview.settings	e67cad59270af78a56aee196bb6e7fb3e069927e29c82ec8c07d40f5f2e3b36c	git chromium.googlesource.com/chromium/deps/gperf.git	e9eeea862a18e77b945d98eff7e1bf065d3daf8e
third_party/gperf/contrib/gperf/3.0.1/depends-GnuWin32.lst	512ab476b137edded064608959caf805715e1fa622730c2528e76e5828a73a5c	git chromium.googlesource.com/chromium/deps/gperf.git	e9eeea862a18e77b945d98eff7e1bf065d3daf8e
third_party/gperf/contrib/gperf/3.0.1/gperf-3.0.1-GnuWin32.README	6e0288b9da2b011a70255393709238c53b600cbfb0bec99dd3d50609273be970	git chromium.googlesource.com/chromium/deps/gperf.git	e9eeea862a18e77b945d98eff7e1bf065d3daf8e
third_party/gperf/contrib/gperf/3.0.1/gperf-3.0.1-src/AUTHORS	6a3308c4cc682cb8f45f02d100b97939fabc56f86bc4fdeade60efa64c0dcbd5	git chromium.googlesource.com/chromium/deps/gperf.git	e9eeea862a18e77b945d98eff7e1bf065d3daf8e
third_party/gperf/contrib/gperf/3.0.1/gperf-3.0.1-src/COPYING	a0f5b31f86a3b397bc3b35bb79b7bae6060bd0fe3ade7aa492a2e5bb8e8505d5	git chromium.googlesource.com/chromium/deps/gperf.git	e9eeea862a18e77b945d98eff7e1bf065d3daf8e
third_party/gperf/contrib/gperf/3.0.1/gperf-3.0.1-src/ChangeLog	b90f552e48c25cc4781fb89ec56b9fe528faaa380e822d69151b074f3c27350e	git chromium.googlesource.com/chromium/deps/gperf.git	e9eeea862a18e77b945d98eff7e1bf065d3daf8e
third_party/gperf/contrib/gperf/3.0.1/gperf-3.0.1-src/INSTALL	9afa370d0c0e82e7b7ce66bfa015dbfec41b3353a6195fcc88e864a9b951f28f	git chromium.googlesource.com/chromium/deps/gperf.git	e9eeea862a18e77b945d98eff7e1bf065d3daf8e
third_party/gperf/contrib/gperf/3.0.1/gperf-3.0.1-src/NEWS	bc5033e4b62a419d1f12d5b46c2b772ad86587d7a371752a3aacbc27882ce15f	git chromium.googlesource.com/chromium/deps/gperf.git	e9eeea862a18e77b945d98eff7e1bf065d3daf8e
third_party/gperf/contrib/gperf/3.0.1/gperf-3.0.1-src/README	cc95fc492f2c97836bf3ea809c58beb98a3ccd11d83086bafb3e3f959e95ef91	git chromium.googlesource.com/chromium/deps/gperf.git	e9eeea862a18e77b945d98eff7e1bf065d3daf8e
third_party/gperf/contrib/gperf/3.0.1/gperf-3.0.1/check.log	34cd87790bc381fd46ed6e1612b32cf457a16c23abcd3b882d08683d97d3bd3b	git chromium.googlesource.com/chromium/deps/gperf.git	e9eeea862a18e77b945d98eff7e1bf065d3daf8e
third_party/gperf/contrib/gperf/3.0.1/gperf-3.0.1/check_err.log	4224134a71b3aef0e0ba05c419d414933c7238d32815fa1813a0923db0c15007	git chromium.googlesource.com/chromium/deps/gperf.git	e9eeea862a18e77b945d98eff7e1bf065d3daf8e
third_party/gperf/man/cat1/gperf.1.txt	38f8852572f1dd26e3249bbde6201e86b2759ae98cc48cb6e4c1212ff5371aa5	git chromium.googlesource.com/chromium/deps/gperf.git	e9eeea862a18e77b945d98eff7e1bf065d3daf8e
third_party/gperf/manifest/gperf-3.0.1-bin.mft	41458e264f527e456f7d188349950599bb7f8a7ea47d4904a7090ced66316263	git chromium.googlesource.com/chromium/deps/gperf.git	e9eeea862a18e77b945d98eff7e1bf065d3daf8e
third_party/gperf/manifest/gperf-3.0.1-bin.ver	9aa75a13b0a3f2f2b401e5db04149fcdddacc60a6606fffc60d36fff9160e473	git chromium.googlesource.com/chromium/deps/gperf.git	e9eeea862a18e77b945d98eff7e1bf065d3daf8e
third_party/gperf/manifest/gperf-3.0.1-src.mft	99042886f9d1fb0edc283da3b8690fdfef2d76f57469f4eb4780452a70ff7732	git chromium.googlesource.com/chromium/deps/gperf.git	e9eeea862a18e77b945d98eff7e1bf065d3daf8e
third_party/gperf/manifest/gperf-3.0.1-src.ver	b5219e3bd1ceb4ac1646c29959a6fcb87ee8f1a61697d7c6fd40a036df860040	git chromium.googlesource.com/chromium/deps/gperf.git	e9eeea862a18e77b945d98eff7e1bf065d3daf8e
third_party/gperf/src/gperf/3.0.1/gperf-3.0.1-src/AUTHORS	6a3308c4cc682cb8f45f02d100b97939fabc56f86bc4fdeade60efa64c0dcbd5	git chromium.googlesource.com/chromium/deps/gperf.git	e9eeea862a18e77b945d98eff7e1bf065d3daf8e
third_party/gperf/src/gperf/3.0.1/gperf-3.0.1-src/COPYING	a0f5b31f86a3b397bc3b35bb79b7bae6060bd0fe3ade7aa492a2e5bb8e8505d5	git chromium.googlesource.com/chromium/deps/gperf.git	e9eeea862a18e77b945d98eff7e1bf065d3daf8e
third_party/gperf/src/gperf/3.0.1/gperf-3.0.1-src/ChangeLog	b90f552e48c25cc4781fb89ec56b9fe528faaa380e822d69151b074f3c27350e	git chromium.googlesource.com/chromium/deps/gperf.git	e9eeea862a18e77b945d98eff7e1bf065d3daf8e
third_party/gperf/src/gperf/3.0.1/gperf-3.0.1-src/INSTALL	9afa370d0c0e82e7b7ce66bfa015dbfec41b3353a6195fcc88e864a9b951f28f	git chromium.googlesource.com/chromium/deps/gperf.git	e9eeea862a18e77b945d98eff7e1bf065d3daf8e
third_party/gperf/src/gperf/3.0.1/gperf-3.0.1-src/Makefile.devel	b74ff15e6c126d4a121b6424430424c8644022081c1ced140c12092a8620e490	git chromium.googlesource.com/chromium/deps/gperf.git	e9eeea862a18e77b945d98eff7e1bf065d3daf8e
third_party/gperf/src/gperf/3.0.1/gperf-3.0.1-src/Makefile.in	32002c212ce9789efbe0197e7aebdad8f3e4bcd0aa855c2df8187a8a3097a022	git chromium.googlesource.com/chromium/deps/gperf.git	e9eeea862a18e77b945d98eff7e1bf065d3daf8e
third_party/gperf/src/gperf/3.0.1/gperf-3.0.1-src/Makefile.msvc	98ecfba5808fd0e800602249577f7da1f6caa104ce3452df4612fd4e2e0fd7cd	git chromium.googlesource.com/chromium/deps/gperf.git	e9eeea862a18e77b945d98eff7e1bf065d3daf8e
third_party/gperf/src/gperf/3.0.1/gperf-3.0.1-src/Makefile.vms	64cc0020a2c545a153a3b7832bd4a3278258799ef7a1fe3218907ebd3122e484	git chromium.googlesource.com/chromium/deps/gperf.git	e9eeea862a18e77b945d98eff7e1bf065d3daf8e
third_party/gperf/src/gperf/3.0.1/gperf-3.0.1-src/NEWS	bc5033e4b62a419d1f12d5b46c2b772ad86587d7a371752a3aacbc27882ce15f	git chromium.googlesource.com/chromium/deps/gperf.git	e9eeea862a18e77b945d98eff7e1bf065d3daf8e
third_party/gperf/src/gperf/3.0.1/gperf-3.0.1-src/README	cc95fc492f2c97836bf3ea809c58beb98a3ccd11d83086bafb3e3f959e95ef91	git chromium.googlesource.com/chromium/deps/gperf.git	e9eeea862a18e77b945d98eff7e1bf065d3daf8e
third_party/gperf/src/gperf/3.0.1/gperf-3.0.1-src/README.vms	8923d31666f67f9bd74cc9fab3d09b7dc8cfe664c718ffa17128c609bd545631	git chromium.googlesource.com/chromium/deps/gperf.git	e9eeea862a18e77b945d98eff7e1bf065d3daf8e
third_party/gperf/src/gperf/3.0.1/gperf-3.0.1-src/README.woe32	9b6d6c7a02f662f52dffd17d3819658144c88425f45457625ac5a6608459e4fa	git chromium.googlesource.com/chromium/deps/gperf.git	e9eeea862a18e77b945d98eff7e1bf065d3daf8e
third_party/gperf/src/gperf/3.0.1/gperf-3.0.1-src/aclocal.m4	fb081e325a7077697a5af6414a450814cb681b7a41554e803434be37131410bf	git chromium.googlesource.com/chromium/deps/gperf.git	e9eeea862a18e77b945d98eff7e1bf065d3daf8e
third_party/gperf/src/gperf/3.0.1/gperf-3.0.1-src/configure	672a38f18e77da69f864a741661fd98fd763efae787a694f589482255cc247cd	git chromium.googlesource.com/chromium/deps/gperf.git	e9eeea862a18e77b945d98eff7e1bf065d3daf8e
third_party/gperf/src/gperf/3.0.1/gperf-3.0.1-src/configure.in	d21092f475fb398aa9dd7e8544f6ef1ee72adcdb59eefbf28bb431cbd13a3968	git chromium.googlesource.com/chromium/deps/gperf.git	e9eeea862a18e77b945d98eff7e1bf065d3daf8e
third_party/gperf/src/gperf/3.0.1/gperf-3.0.1-src/doc/Makefile.in	891f864678b59d1c0a2210502502bc68a4a2383a36c6bf492f02051618595334	git chromium.googlesource.com/chromium/deps/gperf.git	e9eeea862a18e77b945d98eff7e1bf065d3daf8e
third_party/gperf/src/gperf/3.0.1/gperf-3.0.1-src/doc/configure	b26f87d26530144598b1b995a13bcd73c3fc8698770a08b3d50ee794824c6530	git chromium.googlesource.com/chromium/deps/gperf.git	e9eeea862a18e77b945d98eff7e1bf065d3daf8e
third_party/gperf/src/gperf/3.0.1/gperf-3.0.1-src/doc/configure.in	5b383422c2a5684d1df4f7a266b84454c80b8571569f145677f3c30449e406b2	git chromium.googlesource.com/chromium/deps/gperf.git	e9eeea862a18e77b945d98eff7e1bf065d3daf8e
third_party/gperf/src/gperf/3.0.1/gperf-3.0.1-src/doc/gperf.1	c99560b2cac415d1524156632ffb95347467aac4809a09645fe4ca4964a0c92b	git chromium.googlesource.com/chromium/deps/gperf.git	e9eeea862a18e77b945d98eff7e1bf065d3daf8e
third_party/gperf/src/gperf/3.0.1/gperf-3.0.1-src/doc/gperf.dvi.gz	ba15431322f98308d4d57d1266c4d5650bd9701f3631209f433a572e51018179	git chromium.googlesource.com/chromium/deps/gperf.git	e9eeea862a18e77b945d98eff7e1bf065d3daf8e
third_party/gperf/src/gperf/3.0.1/gperf-3.0.1-src/doc/gperf.html	f9e2514edd9147f925db408c20d4cb192b856645a32fa5885855961118f57c24	git chromium.googlesource.com/chromium/deps/gperf.git	e9eeea862a18e77b945d98eff7e1bf065d3daf8e
third_party/gperf/src/gperf/3.0.1/gperf-3.0.1-src/doc/gperf.info	e43e5af4828d882be66845974b55234626a3850f3fa3c15665851f45831bc652	git chromium.googlesource.com/chromium/deps/gperf.git	e9eeea862a18e77b945d98eff7e1bf065d3daf8e
third_party/gperf/src/gperf/3.0.1/gperf-3.0.1-src/doc/gperf.pdf	d4f88a4992a3553d4c4744555981e76ba4db5c584dd0ff50a160d37afcde37d3	git chromium.googlesource.com/chromium/deps/gperf.git	e9eeea862a18e77b945d98eff7e1bf065d3daf8e
third_party/gperf/src/gperf/3.0.1/gperf-3.0.1-src/doc/gperf.ps.gz	ae7b9db73ffcb656fad06527dd5bfc090bafa2935bf2989aeff4943d43b5e9e9	git chromium.googlesource.com/chromium/deps/gperf.git	e9eeea862a18e77b945d98eff7e1bf065d3daf8e
third_party/gperf/src/gperf/3.0.1/gperf-3.0.1-src/doc/gperf.texi	9d88498afea1c086a18ec6a8ffd28ac0fa762e5b10a9b94763b2cef93705e4ce	git chromium.googlesource.com/chromium/deps/gperf.git	e9eeea862a18e77b945d98eff7e1bf065d3daf8e
third_party/gperf/src/gperf/3.0.1/gperf-3.0.1-src/doc/gperf_1.html	057465a03728d2a76a906ffe32a3f085ca5868e4e3dec79b439cfcd68326e095	git chromium.googlesource.com/chromium/deps/gperf.git	e9eeea862a18e77b945d98eff7e1bf065d3daf8e
third_party/gperf/src/gperf/3.0.1/gperf-3.0.1-src/doc/gperf_10.html	03faf71aa4f4420c74589b0bf9a4d9f347ca03372d7c202bc335b9e732fbcfc9	git chromium.googlesource.com/chromium/deps/gperf.git	e9eeea862a18e77b945d98eff7e1bf065d3daf8e
third_party/gperf/src/gperf/3.0.1/gperf-3.0.1-src/doc/gperf_2.html	c0438f4f0b4becad5bd0fb862982d4a8fa9125916faa51b99004900a8b269bee	git chromium.googlesource.com/chromium/deps/gperf.git	e9eeea862a18e77b945d98eff7e1bf065d3daf8e
third_party/gperf/src/gperf/3.0.1/gperf-3.0.1-src/doc/gperf_3.html	23a336be8bb2108e2d4d1a7899f56fb5f8ef083d7d6a9b12cf6dc6facd890a66	git chromium.googlesource.com/chromium/deps/gperf.git	e9eeea862a18e77b945d98eff7e1bf065d3daf8e
third_party/gperf/src/gperf/3.0.1/gperf-3.0.1-src/doc/gperf_4.html	8b5c767f5c44d288b883b2e87edfc8bd6e1353d190077012bca609a45d3483a9	git chromium.googlesource.com/chromium/deps/gperf.git	e9eeea862a18e77b945d98eff7e1bf065d3daf8e
third_party/gperf/src/gperf/3.0.1/gperf-3.0.1-src/doc/gperf_5.html	02611e038c6a42c61d5951f8cd1941de37469da78bce2cd01a5fec85f7ad66a6	git chromium.googlesource.com/chromium/deps/gperf.git	e9eeea862a18e77b945d98eff7e1bf065d3daf8e
third_party/gperf/src/gperf/3.0.1/gperf-3.0.1-src/doc/gperf_6.html	8bdac287a7c9a810839671549e319a0395051ecccbc2ef90e39d08e3113dcfbc	git chromium.googlesource.com/chromium/deps/gperf.git	e9eeea862a18e77b945d98eff7e1bf065d3daf8e
third_party/gperf/src/gperf/3.0.1/gperf-3.0.1-src/doc/gperf_7.html	eb9c7c40e2a3f1e130713717989ae7720c2a6e7f40d7720b9e6bf3d3e7b88d2a	git chromium.googlesource.com/chromium/deps/gperf.git	e9eeea862a18e77b945d98eff7e1bf065d3daf8e
third_party/gperf/src/gperf/3.0.1/gperf-3.0.1-src/doc/gperf_8.html	d799abfd685bf822ac366e4957f30f7c9da75b8fab8838522b9a66eb6ed3ae40	git chromium.googlesource.com/chromium/deps/gperf.git	e9eeea862a18e77b945d98eff7e1bf065d3daf8e
third_party/gperf/src/gperf/3.0.1/gperf-3.0.1-src/doc/gperf_9.html	162043621e440bbf09f9ef0b41d32e29873ecbac28e5b417d4a090fd8c6ab74f	git chromium.googlesource.com/chromium/deps/gperf.git	e9eeea862a18e77b945d98eff7e1bf065d3daf8e
third_party/gperf/src/gperf/3.0.1/gperf-3.0.1-src/doc/gperf_toc.html	300a2373c306305a03124f7121762638597802844bf091ed53061269a376b342	git chromium.googlesource.com/chromium/deps/gperf.git	e9eeea862a18e77b945d98eff7e1bf065d3daf8e
third_party/gperf/src/gperf/3.0.1/gperf-3.0.1-src/doc/gpl.texinfo	540cf1f74c23d4c0f62a6017978d6ff571d637a5d8ba50e402df7cb3ef6ea42e	git chromium.googlesource.com/chromium/deps/gperf.git	e9eeea862a18e77b945d98eff7e1bf065d3daf8e
third_party/gperf/src/gperf/3.0.1/gperf-3.0.1-src/doc/help2man	dc56f1fd7accb1bb8e4edcad0cb2860344cbe7c400196969c71eb450dfc7d7c2	git chromium.googlesource.com/chromium/deps/gperf.git	e9eeea862a18e77b945d98eff7e1bf065d3daf8e
third_party/gperf/src/gperf/3.0.1/gperf-3.0.1-src/doc/texinfo.tex	677732229cc0954e95caae606823a1eeb85d4ceb5328e91d727aa504bcd6e23f	git chromium.googlesource.com/chromium/deps/gperf.git	e9eeea862a18e77b945d98eff7e1bf065d3daf8e
third_party/gperf/src/gperf/3.0.1/gperf-3.0.1-src/lib/Makefile.in	fd38d29236cd21bff43be9630d2bee3380337497ae9039d0e4a28ff581125149	git chromium.googlesource.com/chromium/deps/gperf.git	e9eeea862a18e77b945d98eff7e1bf065d3daf8e
third_party/gperf/src/gperf/3.0.1/gperf-3.0.1-src/lib/configure	2d11e9f105c40bc9950b2d43527dbcecc516c063c5eb30070635d4a6cc89c580	git chromium.googlesource.com/chromium/deps/gperf.git	e9eeea862a18e77b945d98eff7e1bf065d3daf8e
third_party/gperf/src/gperf/3.0.1/gperf-3.0.1-src/lib/configure.in	4d8c126140efff0eea8e6622f2784438b9d76df44b1a38b620e7487c5575a49c	git chromium.googlesource.com/chromium/deps/gperf.git	e9eeea862a18e77b945d98eff7e1bf065d3daf8e
third_party/gperf/src/gperf/3.0.1/gperf-3.0.1-src/lib/getline.cc	61569828b1a1e78b9821df85d3e25b1c28532c3f79971d792a0411e39b914e85	git chromium.googlesource.com/chromium/deps/gperf.git	e9eeea862a18e77b945d98eff7e1bf065d3daf8e
third_party/gperf/src/gperf/3.0.1/gperf-3.0.1-src/lib/getline.h	e057310a5386f5174f362f79bfe57b2a784e4f4fb69434bc3bef1568de6f9258	git chromium.googlesource.com/chromium/deps/gperf.git	e9eeea862a18e77b945d98eff7e1bf065d3daf8e
third_party/gperf/src/gperf/3.0.1/gperf-3.0.1-src/lib/getopt.c	46b8a4759d779fa3382d643d50e777f2e43a68cd5ea82557321a9f4199dce98c	git chromium.googlesource.com/chromium/deps/gperf.git	e9eeea862a18e77b945d98eff7e1bf065d3daf8e
third_party/gperf/src/gperf/3.0.1/gperf-3.0.1-src/lib/getopt.c.patch	da0d3b03bb013d137a364668643579b75f59c80f5adaee7a61dc9bc81a3a0651	git chromium.googlesource.com/chromium/deps/gperf.git	e9eeea862a18e77b945d98eff7e1bf065d3daf8e
third_party/gperf/src/gperf/3.0.1/gperf-3.0.1-src/lib/getopt.h	f496305bb102caed2aea4051e68fa21450c1afc5ec531922a821970c87b2de2e	git chromium.googlesource.com/chromium/deps/gperf.git	e9eeea862a18e77b945d98eff7e1bf065d3daf8e
third_party/gperf/src/gperf/3.0.1/gperf-3.0.1-src/lib/getopt.h.patch	8c72112a1f028f811d09b492c55b34ec0d5a2641eace0cbc7e90292a610d23f2	git chromium.googlesource.com/chromium/deps/gperf.git	e9eeea862a18e77b945d98eff7e1bf065d3daf8e
third_party/gperf/src/gperf/3.0.1/gperf-3.0.1-src/lib/getopt1.c	9b92dc921a9736874f22655b9bc23d3a702a3d6a4ac629a9f86dd340bc956662	git chromium.googlesource.com/chromium/deps/gperf.git	e9eeea862a18e77b945d98eff7e1bf065d3daf8e
third_party/gperf/src/gperf/3.0.1/gperf-3.0.1-src/lib/hash.cc	d8b0806fb03ff8633f925127a4e299651205b35464359ac54e722748df69a512	git chromium.googlesource.com/chromium/deps/gperf.git	e9eeea862a18e77b945d98eff7e1bf065d3daf8e
third_party/gperf/src/gperf/3.0.1/gperf-3.0.1-src/lib/hash.h	69126fb90c16dc9e2b488e28ae0f42150cfad8777d848f66384a512100445e10	git chromium.googlesource.com/chromium/deps/gperf.git	e9eeea862a18e77b945d98eff7e1bf065d3daf8e
third_party/gperf/src/gperf/3.0.1/gperf-3.0.1-src/mkinstalldirs	208dfecf8a8761b964838808394c09ca887e23421df370ff65dec7773b2f345c	git chromium.googlesource.com/chromium/deps/gperf.git	e9eeea862a18e77b945d98eff7e1bf065d3daf8e
third_party/gperf/src/gperf/3.0.1/gperf-3.0.1-src/src/Makefile.in	ead28f5ec7171a838095be4f5ffaf9efc292512eb2ac4fff4018087f15273404	git chromium.googlesource.com/chromium/deps/gperf.git	e9eeea862a18e77b945d98eff7e1bf065d3daf8e
third_party/gperf/src/gperf/3.0.1/gperf-3.0.1-src/src/bool-array.cc	4a37d76b751856f78a16bf283f9692d40840a6c2431ea3a7450b4ef20a7ec795	git chromium.googlesource.com/chromium/deps/gperf.git	e9eeea862a18e77b945d98eff7e1bf065d3daf8e
third_party/gperf/src/gperf/3.0.1/gperf-3.0.1-src/src/bool-array.h	1b1ecb6d1eda859e70a1c7a96b5cd6b2ef8cd25f5a4786c184d372415e9ffac5	git chromium.googlesource.com/chromium/deps/gperf.git	e9eeea862a18e77b945d98eff7e1bf065d3daf8e
third_party/gperf/src/gperf/3.0.1/gperf-3.0.1-src/src/bool-array.icc	92173d15eaa8b781bb0f3e3e8f2c9f761a3f8d79c07f971ea973ea5deb0b53f9	git chromium.googlesource.com/chromium/deps/gperf.git	e9eeea862a18e77b945d98eff7e1bf065d3daf8e
third_party/gperf/src/gperf/3.0.1/gperf-3.0.1-src/src/config.h.in	57f16c1c85d2b65068da32da3a92ad69e488e0aa07854a8df4cbaf39e49f1933	git chromium.googlesource.com/chromium/deps/gperf.git	e9eeea862a18e77b945d98eff7e1bf065d3daf8e
third_party/gperf/src/gperf/3.0.1/gperf-3.0.1-src/src/config.h.msvc	57f16c1c85d2b65068da32da3a92ad69e488e0aa07854a8df4cbaf39e49f1933	git chromium.googlesource.com/chromium/deps/gperf.git	e9eeea862a18e77b945d98eff7e1bf065d3daf8e
third_party/gperf/src/gperf/3.0.1/gperf-3.0.1-src/src/config.h_vms	57f16c1c85d2b65068da32da3a92ad69e488e0aa07854a8df4cbaf39e49f1933	git chromium.googlesource.com/chromium/deps/gperf.git	e9eeea862a18e77b945d98eff7e1bf065d3daf8e
third_party/gperf/src/gperf/3.0.1/gperf-3.0.1-src/src/configure	1f971993326da6c1a783ec07efa352200eca015ee74f8e68f26fef52e17c83f6	git chromium.googlesource.com/chromium/deps/gperf.git	e9eeea862a18e77b945d98eff7e1bf065d3daf8e
third_party/gperf/src/gperf/3.0.1/gperf-3.0.1-src/src/configure.in	56f9f6489d65ecea58dd4699904602e5e7a59d080e50503d0a63f1b3891cda86	git chromium.googlesource.com/chromium/deps/gperf.git	e9eeea862a18e77b945d98eff7e1bf065d3daf8e
third_party/gperf/src/gperf/3.0.1/gperf-3.0.1-src/src/hash-table.cc	b21f74c79d2ef4f5ed1253ab941c56daa6d87bfbe7c5bf16ff8149009eb2af90	git chromium.googlesource.com/chromium/deps/gperf.git	e9eeea862a18e77b945d98eff7e1bf065d3daf8e
third_party/gperf/src/gperf/3.0.1/gperf-3.0.1-src/src/hash-table.h	b5bb7c1087b2bb5b20ad63149efe060b05562263aa3042fbeb8d11853aa28782	git chromium.googlesource.com/chromium/deps/gperf.git	e9eeea862a18e77b945d98eff7e1bf065d3daf8e
third_party/gperf/src/gperf/3.0.1/gperf-3.0.1-src/src/input.cc	2b5d86466ff079a85cc5be94ba49cafcebdc0ad3a65161376414871e013eebae	git chromium.googlesource.com/chromium/deps/gperf.git	e9eeea862a18e77b945d98eff7e1bf065d3daf8e
third_party/gperf/src/gperf/3.0.1/gperf-3.0.1-src/src/input.h	515e4c6b1af1f1f838c45491f207660fdb538fdcb47ba72dec7a89f3c486bc58	git chromium.googlesource.com/chromium/deps/gperf.git	e9eeea862a18e77b945d98eff7e1bf065d3daf8e
third_party/gperf/src/gperf/3.0.1/gperf-3.0.1-src/src/keyword-list.cc	ca6eaef2de3e314392ddf72123016924dd54f83ba6df63a8e887f3687f24bc32	git chromium.googlesource.com/chromium/deps/gperf.git	e9eeea862a18e77b945d98eff7e1bf065d3daf8e
third_party/gperf/src/gperf/3.0.1/gperf-3.0.1-src/src/keyword-list.h	3fb6bb70e77eb87fcc7ea76413771a12361241b10b6c18b9bec1cd12f17b8d20	git chromium.googlesource.com/chromium/deps/gperf.git	e9eeea862a18e77b945d98eff7e1bf065d3daf8e
third_party/gperf/src/gperf/3.0.1/gperf-3.0.1-src/src/keyword-list.icc	71f83d33579958f80d22a7ac86d4f2353a55d8708a46461745b606582192e269	git chromium.googlesource.com/chromium/deps/gperf.git	e9eeea862a18e77b945d98eff7e1bf065d3daf8e
third_party/gperf/src/gperf/3.0.1/gperf-3.0.1-src/src/keyword.cc	007d3ac08e215a2d5361f91e2312e01b5d974e695a88b74dba4aee65c6a13d6c	git chromium.googlesource.com/chromium/deps/gperf.git	e9eeea862a18e77b945d98eff7e1bf065d3daf8e
third_party/gperf/src/gperf/3.0.1/gperf-3.0.1-src/src/keyword.h	72e7f05c7331b6dc846bd2c10be382efc966025d7519b7fdbfaf861d0f35c1bd	git chromium.googlesource.com/chromium/deps/gperf.git	e9eeea862a18e77b945d98eff7e1bf065d3daf8e
third_party/gperf/src/gperf/3.0.1/gperf-3.0.1-src/src/keyword.icc	8c07b46fc8d63a17b8d51f6a28ca48190d6113307cac08064206128281b35c37	git chromium.googlesource.com/chromium/deps/gperf.git	e9eeea862a18e77b945d98eff7e1bf065d3daf8e
third_party/gperf/src/gperf/3.0.1/gperf-3.0.1-src/src/main.cc	c132c5ea9be7d48d0ffea6e8132485aee0acf68217752e8ec622c24cf4c5871b	git chromium.googlesource.com/chromium/deps/gperf.git	e9eeea862a18e77b945d98eff7e1bf065d3daf8e
third_party/gperf/src/gperf/3.0.1/gperf-3.0.1-src/src/options.cc	399035119ddfb5310511cd23aaef88398ecb3ccd7fcb526a4e442e9487b1cd7b	git chromium.googlesource.com/chromium/deps/gperf.git	e9eeea862a18e77b945d98eff7e1bf065d3daf8e
third_party/gperf/src/gperf/3.0.1/gperf-3.0.1-src/src/options.h	6580ebbdc3f026169f202c940e02d10eb9aa8bc2fb3c8fd06764a0ab76903fff	git chromium.googlesource.com/chromium/deps/gperf.git	e9eeea862a18e77b945d98eff7e1bf065d3daf8e
third_party/gperf/src/gperf/3.0.1/gperf-3.0.1-src/src/options.icc	6cd8589947c83fce541d2be7f94544b14bfc0d96330ba7e57f733b9f80da2795	git chromium.googlesource.com/chromium/deps/gperf.git	e9eeea862a18e77b945d98eff7e1bf065d3daf8e
third_party/gperf/src/gperf/3.0.1/gperf-3.0.1-src/src/output.cc	e5cb88b47433920c7566c33dd3fc1464659a5b88dbb18a7c2e3004fc0793d17d	git chromium.googlesource.com/chromium/deps/gperf.git	e9eeea862a18e77b945d98eff7e1bf065d3daf8e
third_party/gperf/src/gperf/3.0.1/gperf-3.0.1-src/src/output.h	32f65130b312db849805cb69ab61ef1f803e9971075ede9e2e90d268db761250	git chromium.googlesource.com/chromium/deps/gperf.git	e9eeea862a18e77b945d98eff7e1bf065d3daf8e
third_party/gperf/src/gperf/3.0.1/gperf-3.0.1-src/src/positions.cc	99e8347529a7a5f9fcea8b7f6714137213ff2461d0889eab54fd6f6f94f525ca	git chromium.googlesource.com/chromium/deps/gperf.git	e9eeea862a18e77b945d98eff7e1bf065d3daf8e
third_party/gperf/src/gperf/3.0.1/gperf-3.0.1-src/src/positions.h	90c92b2cc6b8528102e79565b9946a16c767b6441ba07a7e0045c29581299918	git chromium.googlesource.com/chromium/deps/gperf.git	e9eeea862a18e77b945d98eff7e1bf065d3daf8e
third_party/gperf/src/gperf/3.0.1/gperf-3.0.1-src/src/positions.icc	040e6208c4bf09dd1a9916118921d269aaa33d3ad03596197ea06a3ec7eb4152	git chromium.googlesource.com/chromium/deps/gperf.git	e9eeea862a18e77b945d98eff7e1bf065d3daf8e
third_party/gperf/src/gperf/3.0.1/gperf-3.0.1-src/src/search.cc	a720a0c9e211c290001b91120a98bbdc4072e86255d03c5b1301225d94f66751	git chromium.googlesource.com/chromium/deps/gperf.git	e9eeea862a18e77b945d98eff7e1bf065d3daf8e
third_party/gperf/src/gperf/3.0.1/gperf-3.0.1-src/src/search.h	e14b2f94c94e478c13c27952f1bad1af7cfac9b2080e197437a90db322a39d48	git chromium.googlesource.com/chromium/deps/gperf.git	e9eeea862a18e77b945d98eff7e1bf065d3daf8e
third_party/gperf/src/gperf/3.0.1/gperf-3.0.1-src/src/version.cc	6548fcc5b1ebcf5a241bcbd146f55179b68c8275505dc587a39ef30fb8fb8bf7	git chromium.googlesource.com/chromium/deps/gperf.git	e9eeea862a18e77b945d98eff7e1bf065d3daf8e
third_party/gperf/src/gperf/3.0.1/gperf-3.0.1-src/src/version.h	d972cd2ef452001f4248a8d8f1ce236e893102c470e3c4b8faa2957ae3eaa413	git chromium.googlesource.com/chromium/deps/gperf.git	e9eeea862a18e77b945d98eff7e1bf065d3daf8e
third_party/gperf/src/gperf/3.0.1/gperf-3.0.1-src/tests/Makefile.in	3c4484aa9d6b2003edcdffe0aa748486d3f3c00597c05325fce54449a3f41371	git chromium.googlesource.com/chromium/deps/gperf.git	e9eeea862a18e77b945d98eff7e1bf065d3daf8e
third_party/gperf/src/gperf/3.0.1/gperf-3.0.1-src/tests/ada-pred.exp	e4c567db6a79ae79224952105a59f6bb91a8599988ae80063824b33eff04ba7c	git chromium.googlesource.com/chromium/deps/gperf.git	e9eeea862a18e77b945d98eff7e1bf065d3daf8e
third_party/gperf/src/gperf/3.0.1/gperf-3.0.1-src/tests/ada-res.exp	38d968f21f0aff8972bd9eb017442396f1d49b146449bd5d99693cc939e8c9c9	git chromium.googlesource.com/chromium/deps/gperf.git	e9eeea862a18e77b945d98eff7e1bf065d3daf8e
third_party/gperf/src/gperf/3.0.1/gperf-3.0.1-src/tests/ada.gperf	325bb54c5b3f42d6bff7935e99a5ef3c88912fb69501f420cd0862abe549405d	git chromium.googlesource.com/chromium/deps/gperf.git	e9eeea862a18e77b945d98eff7e1bf065d3daf8e
third_party/gperf/src/gperf/3.0.1/gperf-3.0.1-src/tests/adadefs.gperf	5f98ae1f5fe613a58055b6574fcf9b28a214a1d9f0ad752b04667e8b0e53ad62	git chromium.googlesource.com/chromium/deps/gperf.git	e9eeea862a18e77b945d98eff7e1bf065d3daf8e
third_party/gperf/src/gperf/3.0.1/gperf-3.0.1-src/tests/c++.gperf	7b31b04bd149ef9b3c4e6a8e7145d5e7e37ccbcd3c03061cb4d1958af7c3082c	git chromium.googlesource.com/chromium/deps/gperf.git	e9eeea862a18e77b945d98eff7e1bf065d3daf8e
third_party/gperf/src/gperf/3.0.1/gperf-3.0.1-src/tests/c-parse.exp	70b5e6801f16651d4673d681661f4cf03d864f19b2c373a52ee03f83d6400bae	git chromium.googlesource.com/chromium/deps/gperf.git	e9eeea862a18e77b945d98eff7e1bf065d3daf8e
third_party/gperf/src/gperf/3.0.1/gperf-3.0.1-src/tests/c-parse.gperf	8d48c36b8055c34420f5894f6f84b6d828393be8d51ce712258def9a8e4b235a	git chromium.googlesource.com/chromium/deps/gperf.git	e9eeea862a18e77b945d98eff7e1bf065d3daf8e
third_party/gperf/src/gperf/3.0.1/gperf-3.0.1-src/tests/c.exp	53f9790e38cd786ccb5f78d348a253aa4d32590f211a16f769c4ee8b53cae54c	git chromium.googlesource.com/chromium/deps/gperf.git	e9eeea862a18e77b945d98eff7e1bf065d3daf8e
third_party/gperf/src/gperf/3.0.1/gperf-3.0.1-src/tests/c.gperf	cf826ce22dcb3b02736c6c2ef459992062fe715be90d56829811f316cdad002a	git chromium.googlesource.com/chromium/deps/gperf.git	e9eeea862a18e77b945d98eff7e1bf065d3daf8e
third_party/gperf/src/gperf/3.0.1/gperf-3.0.1-src/tests/charsets.exp	3a93b9b37e9aacd5e9a34d824fd57027d50b283ad69e10b6a6f6e4fdfd48506b	git chromium.googlesource.com/chromium/deps/gperf.git	e9eeea862a18e77b945d98eff7e1bf065d3daf8e
third_party/gperf/src/gperf/3.0.1/gperf-3.0.1-src/tests/charsets.gperf	432360e85b18cb51525451426409ce032368dd38a1ca7a793a7d5d406efa8ec8	git chromium.googlesource.com/chromium/deps/gperf.git	e9eeea862a18e77b945d98eff7e1bf065d3daf8e
third_party/gperf/src/gperf/3.0.1/gperf-3.0.1-src/tests/chill.exp	c7e5aa7d508256b42c5cc00e22219888538eb726e139dedd7615238b78d9d145	git chromium.googlesource.com/chromium/deps/gperf.git	e9eeea862a18e77b945d98eff7e1bf065d3daf8e
third_party/gperf/src/gperf/3.0.1/gperf-3.0.1-src/tests/chill.gperf	83faf9e102075c573869fdc1f7ee8e2d036823e17ade170cfe450deed2aa99d0	git chromium.googlesource.com/chromium/deps/gperf.git	e9eeea862a18e77b945d98eff7e1bf065d3daf8e
third_party/gperf/src/gperf/3.0.1/gperf-3.0.1-src/tests/configure	4480ee3a191f3348c785f4e12631e29ca22a1a63198fea8d24e434201aa639bb	git chromium.googlesource.com/chromium/deps/gperf.git	e9eeea862a18e77b945d98eff7e1bf065d3daf8e
third_party/gperf/src/gperf/3.0.1/gperf-3.0.1-src/tests/configure.in	ef08ce9616d31ad4414965813f0331b25650ab2d94c5261bb7031efca858a757	git chromium.googlesource.com/chromium/deps/gperf.git	e9eeea862a18e77b945d98eff7e1bf065d3daf8e
third_party/gperf/src/gperf/3.0.1/gperf-3.0.1-src/tests/cplusplus.exp	23a869fc87e4db95986aba2801200cba0e36b2f286379430eb72ca68cde0cb2b	git chromium.googlesource.com/chromium/deps/gperf.git	e9eeea862a18e77b945d98eff7e1bf065d3daf8e
third_party/gperf/src/gperf/3.0.1/gperf-3.0.1-src/tests/cplusplus.gperf	272c778066a8b705317274026f189ced574d5a0d1423ef4b5cdf7a942d7806f1	git chromium.googlesource.com/chromium/deps/gperf.git	e9eeea862a18e77b945d98eff7e1bf065d3daf8e
third_party/gperf/src/gperf/3.0.1/gperf-3.0.1-src/tests/gpc.exp	6a31b53045f47bd7e647f8f53a5138799290fc0839978391e742dfedc5912305	git chromium.googlesource.com/chromium/deps/gperf.git	e9eeea862a18e77b945d98eff7e1bf065d3daf8e
third_party/gperf/src/gperf/3.0.1/gperf-3.0.1-src/tests/gpc.gperf	d1a2e00c88903b2dfc91605a84b61544a3247995ef9904d677d2a70d56bd7415	git chromium.googlesource.com/chromium/deps/gperf.git	e9eeea862a18e77b945d98eff7e1bf065d3daf8e
third_party/gperf/src/gperf/3.0.1/gperf-3.0.1-src/tests/incomplete.exp	0a49aa69b04216c04cd94c1d6e2fec02f64a77fa40c50292b860b77fe37401c4	git chromium.googlesource.com/chromium/deps/gperf.git	e9eeea862a18e77b945d98eff7e1bf065d3daf8e
third_party/gperf/src/gperf/3.0.1/gperf-3.0.1-src/tests/incomplete.gperf	748fd44c2026cb71e98f154ee7f3990e20e40005b04e9ea9b5d6340ab6d00dbd	git chromium.googlesource.com/chromium/deps/gperf.git	e9eeea862a18e77b945d98eff7e1bf065d3daf8e
third_party/gperf/src/gperf/3.0.1/gperf-3.0.1-src/tests/irc.gperf	bd12626ec48d77ff388377b3f4b3a0cb328dd519afddb4ab137c295a691f002c	git chromium.googlesource.com/chromium/deps/gperf.git	e9eeea862a18e77b945d98eff7e1bf065d3daf8e
third_party/gperf/src/gperf/3.0.1/gperf-3.0.1-src/tests/java.exp	80b701e314ea3a53e61e64f8650a1daf5de0af8b77f4c2ca45f6d5384ef99835	git chromium.googlesource.com/chromium/deps/gperf.git	e9eeea862a18e77b945d98eff7e1bf065d3daf8e
third_party/gperf/src/gperf/3.0.1/gperf-3.0.1-src/tests/java.gperf	5217b6fbe0174a798bf646e67e529128e452422eee96de82d08bb01e8a646236	git chromium.googlesource.com/chromium/deps/gperf.git	e9eeea862a18e77b945d98eff7e1bf065d3daf8e
third_party/gperf/src/gperf/3.0.1/gperf-3.0.1-src/tests/jscript.gperf	e304c8c2a86e9bb1a247709b471eee7cb03a4ce1eae346ee4ff547768a0e74ec	git chromium.googlesource.com/chromium/deps/gperf.git	e9eeea862a18e77b945d98eff7e1bf065d3daf8e
third_party/gperf/src/gperf/3.0.1/gperf-3.0.1-src/tests/jstest1.gperf	380f0a317a414ca5fa54fadc4e1ca282845b739d85cedf84d777b2e10631aafe	git chromium.googlesource.com/chromium/deps/gperf.git	e9eeea862a18e77b945d98eff7e1bf065d3daf8e
third_party/gperf/src/gperf/3.0.1/gperf-3.0.1-src/tests/jstest2.gperf	6eb86e7ece3b1aab540206ce0400909d31cd92b516ae38c32804fd6142c56952	git chromium.googlesource.com/chromium/deps/gperf.git	e9eeea862a18e77b945d98eff7e1bf065d3daf8e
third_party/gperf/src/gperf/3.0.1/gperf-3.0.1-src/tests/jstest3.gperf	5c55f14d3b2c313f4121d0385a11576daa8cc315b028c7307b2a87811b7d7263	git chromium.googlesource.com/chromium/deps/gperf.git	e9eeea862a18e77b945d98eff7e1bf065d3daf8e
third_party/gperf/src/gperf/3.0.1/gperf-3.0.1-src/tests/jstest4.gperf	d6e1f85ef1e7fb651cee03ff155bce8b6e3405748bd4c12254070f21fa062c4a	git chromium.googlesource.com/chromium/deps/gperf.git	e9eeea862a18e77b945d98eff7e1bf065d3daf8e
third_party/gperf/src/gperf/3.0.1/gperf-3.0.1-src/tests/lang-ucs2.exp	19e75d9d257a4d965fede4bba3f13134ebbfd9f3bcf83197a767ab2d8eed973a	git chromium.googlesource.com/chromium/deps/gperf.git	e9eeea862a18e77b945d98eff7e1bf065d3daf8e
third_party/gperf/src/gperf/3.0.1/gperf-3.0.1-src/tests/lang-ucs2.gperf	24eb949664273ce56a58db1de4548ec6549ddab64446df45c62d621a04cb7edb	git chromium.googlesource.com/chromium/deps/gperf.git	e9eeea862a18e77b945d98eff7e1bf065d3daf8e
third_party/gperf/src/gperf/3.0.1/gperf-3.0.1-src/tests/lang-ucs2.in	956ca2fdd4626d3ec547f089bb43ce87f76838cefa00c5c7e44a11cf37ad3b2d	git chromium.googlesource.com/chromium/deps/gperf.git	e9eeea862a18e77b945d98eff7e1bf065d3daf8e
third_party/gperf/src/gperf/3.0.1/gperf-3.0.1-src/tests/lang-utf8.exp	eb8a5592017d5d686d70a90d8a92c524da0cc569c3a8992152c8a7524ef10da9	git chromium.googlesource.com/chromium/deps/gperf.git	e9eeea862a18e77b945d98eff7e1bf065d3daf8e
third_party/gperf/src/gperf/3.0.1/gperf-3.0.1-src/tests/lang-utf8.gperf	b30e0c9755346c91a97efce4a0cdc4dea760b7ed342181fe4d78e765415f11a7	git chromium.googlesource.com/chromium/deps/gperf.git	e9eeea862a18e77b945d98eff7e1bf065d3daf8e
third_party/gperf/src/gperf/3.0.1/gperf-3.0.1-src/tests/languages.exp	6389c322c605efd79b0676719e426e5e8d83470c3d521284518bb1c1e2d0f3d3	git chromium.googlesource.com/chromium/deps/gperf.git	e9eeea862a18e77b945d98eff7e1bf065d3daf8e
third_party/gperf/src/gperf/3.0.1/gperf-3.0.1-src/tests/languages.gperf	3078b2813543024769c38b57d4cbb058019dd002644eb88dd740f0eccd32b164	git chromium.googlesource.com/chromium/deps/gperf.git	e9eeea862a18e77b945d98eff7e1bf065d3daf8e
third_party/gperf/src/gperf/3.0.1/gperf-3.0.1-src/tests/makeinfo.gperf	2520b0540e8f6c12e53898c67d69fb6067cef3ba49e7b76a5c2962d4780e0391	git chromium.googlesource.com/chromium/deps/gperf.git	e9eeea862a18e77b945d98eff7e1bf065d3daf8e
third_party/gperf/src/gperf/3.0.1/gperf-3.0.1-src/tests/modula.exp	61679880c80a400d06de3458bf6d61457eab3f288d1307a57546b946626f628d	git chromium.googlesource.com/chromium/deps/gperf.git	e9eeea862a18e77b945d98eff7e1bf065d3daf8e
third_party/gperf/src/gperf/3.0.1/gperf-3.0.1-src/tests/modula2.exp	e2703c3bfe0429c038439b7d43b0f319475c5dac10257807cd8f35f8261545cc	git chromium.googlesource.com/chromium/deps/gperf.git	e9eeea862a18e77b945d98eff7e1bf065d3daf8e
third_party/gperf/src/gperf/3.0.1/gperf-3.0.1-src/tests/modula2.gperf	beb156425e0af1e37c94bb280c721d88a9ed78833809a7d2471d64ff0d382d06	git chromium.googlesource.com/chromium/deps/gperf.git	e9eeea862a18e77b945d98eff7e1bf065d3daf8e
third_party/gperf/src/gperf/3.0.1/gperf-3.0.1-src/tests/modula3.gperf	24cefdf893606dac3ea811b3a5cf1d0eaff4da92674d3ac22c3690a894838ae4	git chromium.googlesource.com/chromium/deps/gperf.git	e9eeea862a18e77b945d98eff7e1bf065d3daf8e
third_party/gperf/src/gperf/3.0.1/gperf-3.0.1-src/tests/objc.exp	906409e9897d083670422bf0f37d7116b407b7271563b1dabe95a44ad4b05fac	git chromium.googlesource.com/chromium/deps/gperf.git	e9eeea862a18e77b945d98eff7e1bf065d3daf8e
third_party/gperf/src/gperf/3.0.1/gperf-3.0.1-src/tests/objc.gperf	715f66d9e4e711f21a6e2e7156d7bfc5f34221e2703f3965966d200450f66016	git chromium.googlesource.com/chromium/deps/gperf.git	e9eeea862a18e77b945d98eff7e1bf065d3daf8e
third_party/gperf/src/gperf/3.0.1/gperf-3.0.1-src/tests/pascal.exp	42d0b3a4a0d82efe5429362faf7af3a7554ce57983c639ff3e91b3f5c6d7aa6f	git chromium.googlesource.com/chromium/deps/gperf.git	e9eeea862a18e77b945d98eff7e1bf065d3daf8e
third_party/gperf/src/gperf/3.0.1/gperf-3.0.1-src/tests/pascal.gperf	d708b648265d4b3488ec0de5dced854d1fd0c58c34a0dbb002902765d5d4327b	git chromium.googlesource.com/chromium/deps/gperf.git	e9eeea862a18e77b945d98eff7e1bf065d3daf8e
third_party/gperf/src/gperf/3.0.1/gperf-3.0.1-src/tests/permut2.exp	c4d9dc664f8ce50aba52617b0337e2b110dea98405846aba27002b60ad352156	git chromium.googlesource.com/chromium/deps/gperf.git	e9eeea862a18e77b945d98eff7e1bf065d3daf8e
third_party/gperf/src/gperf/3.0.1/gperf-3.0.1-src/tests/permut2.gperf	12f805adbc113a81bef6ac50e9e5baea4e578784a9303a83e5f4d57a8dbb16ba	git chromium.googlesource.com/chromium/deps/gperf.git	e9eeea862a18e77b945d98eff7e1bf065d3daf8e
third_party/gperf/src/gperf/3.0.1/gperf-3.0.1-src/tests/permut3.exp	625ac0fc4bde1d77b9650996910b59385216e3428cfbc403e48d4876b20a6480	git chromium.googlesource.com/chromium/deps/gperf.git	e9eeea862a18e77b945d98eff7e1bf065d3daf8e
third_party/gperf/src/gperf/3.0.1/gperf-3.0.1-src/tests/permut3.gperf	e4db4ee65787a74981b61a544e38ac8e15d6f46a563d8dc96c2d919557aaa8a1	git chromium.googlesource.com/chromium/deps/gperf.git	e9eeea862a18e77b945d98eff7e1bf065d3daf8e
third_party/gperf/src/gperf/3.0.1/gperf-3.0.1-src/tests/permutc2.exp	ef250ebcde85e9c95643640feb72a2503a63597589f45a0e2b824f0f5dcf5f48	git chromium.googlesource.com/chromium/deps/gperf.git	e9eeea862a18e77b945d98eff7e1bf065d3daf8e
third_party/gperf/src/gperf/3.0.1/gperf-3.0.1-src/tests/permutc2.gperf	73143ceaa2919a6feb7715c23d2478ffbbca8d3ee02291f5e9ab730d2749867f	git chromium.googlesource.com/chromium/deps/gperf.git	e9eeea862a18e77b945d98eff7e1bf065d3daf8e
third_party/gperf/src/gperf/3.0.1/gperf-3.0.1-src/tests/smtp.gperf	8dc7565fa86367651e6c7d07a9815ef1f938a43d26517446d7583c087a8308c7	git chromium.googlesource.com/chromium/deps/gperf.git	e9eeea862a18e77b945d98eff7e1bf065d3daf8e
third_party/gperf/src/gperf/3.0.1/gperf-3.0.1-src/tests/test-4.exp	ffcda2cedc886392f03e300c89d451a3eab377e96d9dfd50d88d89db1cdb9061	git chromium.googlesource.com/chromium/deps/gperf.git	e9eeea862a18e77b945d98eff7e1bf065d3daf8e
third_party/gperf/src/gperf/3.0.1/gperf-3.0.1-src/tests/test-6.exp	ee18b39c501dbf9e3b8b01d36acaefb54be2cd5ff33ab700ca3000f1cf04127a	git chromium.googlesource.com/chromium/deps/gperf.git	e9eeea862a18e77b945d98eff7e1bf065d3daf8e
third_party/gperf/src/gperf/3.0.1/gperf-3.0.1-src/tests/test-7.exp	ca0726a8dbde6689d62c8164f10448cb1bbd745aa5dfac633b3bf7f3f230f210	git chromium.googlesource.com/chromium/deps/gperf.git	e9eeea862a18e77b945d98eff7e1bf065d3daf8e
third_party/gperf/src/gperf/3.0.1/gperf-3.0.1-src/tests/test.c	556058c44fe8eeaed26dfc470a48593c325f7ef90ab7ff8e7060595d59c20fe1	git chromium.googlesource.com/chromium/deps/gperf.git	e9eeea862a18e77b945d98eff7e1bf065d3daf8e
third_party/gperf/src/gperf/3.0.1/gperf-3.0.1-src/tests/test2.c	6e8f6a2d35c1320f3986a6faf16398dd5c78e80ec0fd0a92e5cdeccf1e966506	git chromium.googlesource.com/chromium/deps/gperf.git	e9eeea862a18e77b945d98eff7e1bf065d3daf8e
third_party/gperf/src/gperf/3.0.1/gperf-3.0.1-src/tests/validate	46d096c8a7dd5ab520d0306053fc03af52e53a3aef8449ac82de15dd13d75f2f	git chromium.googlesource.com/chromium/deps/gperf.git	e9eeea862a18e77b945d98eff7e1bf065d3daf8e
third_party/gperf/src/gperf/3.0.1/gperf-3.0.1/Makefile	58c901d57498f40fc2a8f05566700aedc42e549100b167d4e545d529f8f1d98a	git chromium.googlesource.com/chromium/deps/gperf.git	e9eeea862a18e77b945d98eff7e1bf065d3daf8e
third_party/gperf/src/gperf/3.0.1/gperf-3.0.1/Makefile.in.sed	8cef8a1c62e69f1ac6b540537c9ddeb62d57deef39a0ff7c724149bb41d8ad6c	git chromium.googlesource.com/chromium/deps/gperf.git	e9eeea862a18e77b945d98eff7e1bf065d3daf8e
third_party/gperf/src/gperf/3.0.1/gperf-3.0.1/check.log	34cd87790bc381fd46ed6e1612b32cf457a16c23abcd3b882d08683d97d3bd3b	git chromium.googlesource.com/chromium/deps/gperf.git	e9eeea862a18e77b945d98eff7e1bf065d3daf8e
third_party/gperf/src/gperf/3.0.1/gperf-3.0.1/check_err.log	4224134a71b3aef0e0ba05c419d414933c7238d32815fa1813a0923db0c15007	git chromium.googlesource.com/chromium/deps/gperf.git	e9eeea862a18e77b945d98eff7e1bf065d3daf8e
third_party/gperf/src/gperf/3.0.1/gperf-3.0.1/config.log	acc0a6388980ef5666b8b02b7c00d89dd1adbe3a0f59a0822118f967ff66d977	git chromium.googlesource.com/chromium/deps/gperf.git	e9eeea862a18e77b945d98eff7e1bf065d3daf8e
third_party/gperf/src/gperf/3.0.1/gperf-3.0.1/config.status	e88884168ed6373caed6acbda34e8f6aaf4157d399cb7faad51efd662b0c2b94	git chromium.googlesource.com/chromium/deps/gperf.git	e9eeea862a18e77b945d98eff7e1bf065d3daf8e
third_party/gperf/src/gperf/3.0.1/gperf-3.0.1/configure_help.txt	5fd401851115ba7f68882b1cd2112ee86e379c48a1f8ff89c6ec4a5a4d39f832	git chromium.googlesource.com/chromium/deps/gperf.git	e9eeea862a18e77b945d98eff7e1bf065d3daf8e
third_party/gperf/src/gperf/3.0.1/gperf-3.0.1/doc/Makefile	a4f8957d32c97e4cfa5d6d3dbdf8b6e1b04b91230563adab435e165ecc3c1e3d	git chromium.googlesource.com/chromium/deps/gperf.git	e9eeea862a18e77b945d98eff7e1bf065d3daf8e
third_party/gperf/src/gperf/3.0.1/gperf-3.0.1/doc/config.status	4f0f7f0dba25be95d2c5f0be76584e92973325ac2c38e50bb13196b5d1d5fb1d	git chromium.googlesource.com/chromium/deps/gperf.git	e9eeea862a18e77b945d98eff7e1bf065d3daf8e
third_party/gperf/src/gperf/3.0.1/gperf-3.0.1/gperf-3.0.1-src.diff	398d8cb4ecc5b37193772ef864c96de4ede8e5095d7956a34b76daff5ddafc9a	git chromium.googlesource.com/chromium/deps/gperf.git	e9eeea862a18e77b945d98eff7e1bf065d3daf8e
third_party/gperf/src/gperf/3.0.1/gperf-3.0.1/lib/Makefile	d76a815c57174e6e3b74e18b0101343f0efeacc813aa965876d9cd531463b6f3	git chromium.googlesource.com/chromium/deps/gperf.git	e9eeea862a18e77b945d98eff7e1bf065d3daf8e
third_party/gperf/src/gperf/3.0.1/gperf-3.0.1/lib/config.log	f8e637bfbf025bc8bd4a9b1d59a53261272b42b6421b471093f318a88f377a9d	git chromium.googlesource.com/chromium/deps/gperf.git	e9eeea862a18e77b945d98eff7e1bf065d3daf8e
third_party/gperf/src/gperf/3.0.1/gperf-3.0.1/lib/config.status	3d3383987ccecb663b98c17681269d640cde82191beebfbb0561e9f7ca766460	git chromium.googlesource.com/chromium/deps/gperf.git	e9eeea862a18e77b945d98eff7e1bf065d3daf8e
third_party/gperf/src/gperf/3.0.1/gperf-3.0.1/libtool0.sed	b0b9c730ba1effbde4f160c6b1b26684de58b45268ce06fc231ca862a87a9034	git chromium.googlesource.com/chromium/deps/gperf.git	e9eeea862a18e77b945d98eff7e1bf065d3daf8e
third_party/gperf/src/gperf/3.0.1/gperf-3.0.1/makefile.mingw	c7fea6adb048b74364c983f25205e64a9db121da0186763b39d323cc83b25a0b	git chromium.googlesource.com/chromium/deps/gperf.git	e9eeea862a18e77b945d98eff7e1bf065d3daf8e
third_party/gperf/src/gperf/3.0.1/gperf-3.0.1/res/gnu.ico	3e3e56ec73ad7b66058d224654b71cf52ecd9d6035227cf4ba1540d616a33b08	git chromium.googlesource.com/chromium/deps/gperf.git	e9eeea862a18e77b945d98eff7e1bf065d3daf8e
third_party/gperf/src/gperf/3.0.1/gperf-3.0.1/res/gperf-res.rc	e7f4c3e4a63e08a10182f02574019fc42e579e7d2abd23e445d632796d068aeb	git chromium.googlesource.com/chromium/deps/gperf.git	e9eeea862a18e77b945d98eff7e1bf065d3daf8e
third_party/gperf/src/gperf/3.0.1/gperf-3.0.1/src/Makefile	2aa8309d3a748809190f706477af6fa001564a64d5983ed446b4a43c720f2822	git chromium.googlesource.com/chromium/deps/gperf.git	e9eeea862a18e77b945d98eff7e1bf065d3daf8e
third_party/gperf/src/gperf/3.0.1/gperf-3.0.1/src/config.h	e4bc65f716f0c4daac6f02a6cf840f92f1fda90fd7fe390869f2ba1d71e6cc74	git chromium.googlesource.com/chromium/deps/gperf.git	e9eeea862a18e77b945d98eff7e1bf065d3daf8e
third_party/gperf/src/gperf/3.0.1/gperf-3.0.1/src/config.h.orig	04ce3c379e07a7c69ad169dcbe4c9a51bbf538c8f378a8fe0476d8b34cceda85	git chromium.googlesource.com/chromium/deps/gperf.git	e9eeea862a18e77b945d98eff7e1bf065d3daf8e
third_party/gperf/src/gperf/3.0.1/gperf-3.0.1/src/config.log	3ace557e2ab2c3b82e5e64eaef5a644b0fad94afcfe63d68c390a3601af61c66	git chromium.googlesource.com/chromium/deps/gperf.git	e9eeea862a18e77b945d98eff7e1bf065d3daf8e
third_party/gperf/src/gperf/3.0.1/gperf-3.0.1/src/config.status	c7b9681ac94b208b10dae4e543270c0bbc1d9e9a754089d18b0acfbf9815ba75	git chromium.googlesource.com/chromium/deps/gperf.git	e9eeea862a18e77b945d98eff7e1bf065d3daf8e
third_party/gperf/src/gperf/3.0.1/gperf-3.0.1/tests/Makefile	21d42a6cb5531855fefec61002adfc4194469bbccd48f50da7ea3ed3e4884264	git chromium.googlesource.com/chromium/deps/gperf.git	e9eeea862a18e77b945d98eff7e1bf065d3daf8e
third_party/gperf/src/gperf/3.0.1/gperf-3.0.1/tests/config.log	12f6b9fb63636e4fe41fbec8b3c1e87fde5fb4b6579159a0337d2620a3790381	git chromium.googlesource.com/chromium/deps/gperf.git	e9eeea862a18e77b945d98eff7e1bf065d3daf8e
third_party/gperf/src/gperf/3.0.1/gperf-3.0.1/tests/config.status	eff951db7983e13217f60f4d815ede74f3b2410dd6d32efd3f1f5f503a092408	git chromium.googlesource.com/chromium/deps/gperf.git	e9eeea862a18e77b945d98eff7e1bf065d3daf8e
third_party/llvm-build/Release+Asserts/bin/clang-cl.exe	0647021a5def128d606b884c6f6d07c81dbd84a74a8f31ad93d651ec0c2a6c1e	gcs chromium-browser-clang/Win/clang-llvmorg-23-init-10931-g20b6ec66-11.tar.xz	sha256 855e4a23cfd89e0fa9a6899ccb343a7c28fd3d26f045a89cc40cc4c29cb6a85c
third_party/llvm-build/Release+Asserts/bin/clang-cl.exe_remote_toolchain_inputs	c48b88ed8e5ec3f1e6437f0602bf34de6bab5b9b7b58bb8461ef467978883b6c	gcs chromium-browser-clang/Win/clang-llvmorg-23-init-10931-g20b6ec66-11.tar.xz	sha256 855e4a23cfd89e0fa9a6899ccb343a7c28fd3d26f045a89cc40cc4c29cb6a85c
third_party/llvm-build/Release+Asserts/bin/lld-link.exe	685575e46a375978705e34364ea9a7c5ae8807b5e416c34df0da2434572a3409	gcs chromium-browser-clang/Win/clang-llvmorg-23-init-10931-g20b6ec66-11.tar.xz	sha256 855e4a23cfd89e0fa9a6899ccb343a7c28fd3d26f045a89cc40cc4c29cb6a85c
third_party/llvm-build/Release+Asserts/bin/llvm-ml.exe	81dc469554394bed9039f8b75c952f29c8d122b4abdac352bc4e356bd900b8d1	gcs chromium-browser-clang/Win/clang-llvmorg-23-init-10931-g20b6ec66-11.tar.xz	sha256 855e4a23cfd89e0fa9a6899ccb343a7c28fd3d26f045a89cc40cc4c29cb6a85c
third_party/llvm-build/Release+Asserts/bin/llvm-pdbutil.exe	0d78d5c35229f62d2af6e0f08587739b1e8e3704bbf69858e36d633a9330a6e0	gcs chromium-browser-clang/Win/clang-llvmorg-23-init-10931-g20b6ec66-11.tar.xz	sha256 855e4a23cfd89e0fa9a6899ccb343a7c28fd3d26f045a89cc40cc4c29cb6a85c
third_party/llvm-build/Release+Asserts/bin/llvm-symbolizer.exe	c3accc0878c571e066d0901e8c0fd937e3b8eb3a216acd9370b8dd0fdb6ec704	gcs chromium-browser-clang/Win/clang-llvmorg-23-init-10931-g20b6ec66-11.tar.xz	sha256 855e4a23cfd89e0fa9a6899ccb343a7c28fd3d26f045a89cc40cc4c29cb6a85c
third_party/llvm-build/Release+Asserts/bin/llvm-undname.exe	cc3c23892c44711bb83b8a1e316f80d9430e8497654f425f81d77ed676acc6d8	gcs chromium-browser-clang/Win/clang-llvmorg-23-init-10931-g20b6ec66-11.tar.xz	sha256 855e4a23cfd89e0fa9a6899ccb343a7c28fd3d26f045a89cc40cc4c29cb6a85c
third_party/llvm-build/Release+Asserts/lib/clang/23/lib/windows/clang_rt.asan_dynamic-x86_64.dll	3eeb4501decd444f000ae0566f99675b28bf404a8ea7344168051a36e5796c4b	gcs chromium-browser-clang/Win/clang-llvmorg-23-init-10931-g20b6ec66-11.tar.xz	sha256 855e4a23cfd89e0fa9a6899ccb343a7c28fd3d26f045a89cc40cc4c29cb6a85c
third_party/llvm-build/Release+Asserts/lib/clang/23/lib/windows/clang_rt.asan_dynamic-x86_64.lib	208ff221af5dff61be90398b1e569d1b2f3b5335066c5c87444454920c3eadb6	gcs chromium-browser-clang/Win/clang-llvmorg-23-init-10931-g20b6ec66-11.tar.xz	sha256 855e4a23cfd89e0fa9a6899ccb343a7c28fd3d26f045a89cc40cc4c29cb6a85c
third_party/llvm-build/Release+Asserts/lib/clang/23/lib/windows/clang_rt.asan_dynamic_runtime_thunk-x86_64.lib	fd50d8518a8af839cbb2db6b125d247f050d1ae7f9555befb25be6d568c8f34c	gcs chromium-browser-clang/Win/clang-llvmorg-23-init-10931-g20b6ec66-11.tar.xz	sha256 855e4a23cfd89e0fa9a6899ccb343a7c28fd3d26f045a89cc40cc4c29cb6a85c
third_party/llvm-build/Release+Asserts/lib/clang/23/lib/windows/clang_rt.asan_static_runtime_thunk-x86_64.lib	5355c651176991defa549c5f271168053044ef22138cfa3b42ed6be08db3f879	gcs chromium-browser-clang/Win/clang-llvmorg-23-init-10931-g20b6ec66-11.tar.xz	sha256 855e4a23cfd89e0fa9a6899ccb343a7c28fd3d26f045a89cc40cc4c29cb6a85c
third_party/llvm-build/Release+Asserts/lib/clang/23/lib/windows/clang_rt.builtins-aarch64.lib	a821e05a9f6f29056775a1bf832ba66d1f05779dd36ced4e14bc51217ef353eb	gcs chromium-browser-clang/Win/clang-llvmorg-23-init-10931-g20b6ec66-11.tar.xz	sha256 855e4a23cfd89e0fa9a6899ccb343a7c28fd3d26f045a89cc40cc4c29cb6a85c
third_party/llvm-build/Release+Asserts/lib/clang/23/lib/windows/clang_rt.builtins-i386.lib	04054226d622e6fcbb93ba91aa6672329d1052ca6dfa7801ef2a96ee5633726f	gcs chromium-browser-clang/Win/clang-llvmorg-23-init-10931-g20b6ec66-11.tar.xz	sha256 855e4a23cfd89e0fa9a6899ccb343a7c28fd3d26f045a89cc40cc4c29cb6a85c
third_party/llvm-build/Release+Asserts/lib/clang/23/lib/windows/clang_rt.builtins-x86_64.lib	2caabc56c0f6f45ea3a08725403488a526f0416281ffcabd23dcd3cbe7bfca23	gcs chromium-browser-clang/Win/clang-llvmorg-23-init-10931-g20b6ec66-11.tar.xz	sha256 855e4a23cfd89e0fa9a6899ccb343a7c28fd3d26f045a89cc40cc4c29cb6a85c
third_party/llvm-build/Release+Asserts/lib/clang/23/lib/windows/clang_rt.profile-aarch64.lib	c1ded4d2b8d9e536639cc58a2488ad9aa0d5c48770ae7036892c181b2b4e8ee2	gcs chromium-browser-clang/Win/clang-llvmorg-23-init-10931-g20b6ec66-11.tar.xz	sha256 855e4a23cfd89e0fa9a6899ccb343a7c28fd3d26f045a89cc40cc4c29cb6a85c
third_party/llvm-build/Release+Asserts/lib/clang/23/lib/windows/clang_rt.profile-i386.lib	06bf658b248dfb37d63aefd0462875026433c64f5606cd677fd8a2809238344a	gcs chromium-browser-clang/Win/clang-llvmorg-23-init-10931-g20b6ec66-11.tar.xz	sha256 855e4a23cfd89e0fa9a6899ccb343a7c28fd3d26f045a89cc40cc4c29cb6a85c
third_party/llvm-build/Release+Asserts/lib/clang/23/lib/windows/clang_rt.profile-x86_64.lib	41de7b19091950c9ccbc5ec9fdd9502b2fd322c68e8ec7bef6a5123aff1adce9	gcs chromium-browser-clang/Win/clang-llvmorg-23-init-10931-g20b6ec66-11.tar.xz	sha256 855e4a23cfd89e0fa9a6899ccb343a7c28fd3d26f045a89cc40cc4c29cb6a85c
third_party/llvm-build/Release+Asserts/lib/clang/23/lib/windows/clang_rt.ubsan_standalone-x86_64.lib	ef9f60c2cfa8d083acdd001bb7c066c9933842c2204ebfee7aacaa3826d5a02d	gcs chromium-browser-clang/Win/clang-llvmorg-23-init-10931-g20b6ec66-11.tar.xz	sha256 855e4a23cfd89e0fa9a6899ccb343a7c28fd3d26f045a89cc40cc4c29cb6a85c
third_party/llvm-build/Release+Asserts/lib/clang/23/lib/windows/clang_rt.ubsan_standalone_cxx-x86_64.lib	46a8eb4f3c3db38cc2ddd58406aa4a6b473536ac0b50e7b82162470fee729f42	gcs chromium-browser-clang/Win/clang-llvmorg-23-init-10931-g20b6ec66-11.tar.xz	sha256 855e4a23cfd89e0fa9a6899ccb343a7c28fd3d26f045a89cc40cc4c29cb6a85c
third_party/microsoft_dxheaders/src/.github/dependabot.yml	eada67e1b7f73d16a4c240ede6193c4852a2b0887e678a23dc7a3462810502e7	git github.com/microsoft/DirectX-Headers.git (mirror of external/github.com/microsoft/DirectX-Headers)	62c23d5ec700659453c6fe89d296554b2a5e7edc
third_party/microsoft_dxheaders/src/.github/workflows/codeql.yml	8102db501a0a5952875c920f006e89dbce58f948cb619be952c41aafad32aab3	git github.com/microsoft/DirectX-Headers.git (mirror of external/github.com/microsoft/DirectX-Headers)	62c23d5ec700659453c6fe89d296554b2a5e7edc
third_party/microsoft_dxheaders/src/.github/workflows/main.yml	b5e43316d143b4e32e8a93a80c5fd60ed38b9f513ddd97a6e63cae1c9441e926	git github.com/microsoft/DirectX-Headers.git (mirror of external/github.com/microsoft/DirectX-Headers)	62c23d5ec700659453c6fe89d296554b2a5e7edc
third_party/microsoft_dxheaders/src/.github/workflows/msvc.yml	aeaa0467ad552cf755464eb17bede404a75dd30586a628349e07bb36fdb538ad	git github.com/microsoft/DirectX-Headers.git (mirror of external/github.com/microsoft/DirectX-Headers)	62c23d5ec700659453c6fe89d296554b2a5e7edc
third_party/microsoft_dxheaders/src/.github/workflows/uwp.yml	da6c4598320718345e97b537a38dd9bab5cbf159687a472da7f873aa32a40da7	git github.com/microsoft/DirectX-Headers.git (mirror of external/github.com/microsoft/DirectX-Headers)	62c23d5ec700659453c6fe89d296554b2a5e7edc
third_party/microsoft_dxheaders/src/.github/workflows/wsl.yml	10b52fcdd7b60e19e1a2a27baf2326e0d43409cfe4db573e78e6669eae1c4642	git github.com/microsoft/DirectX-Headers.git (mirror of external/github.com/microsoft/DirectX-Headers)	62c23d5ec700659453c6fe89d296554b2a5e7edc
third_party/microsoft_dxheaders/src/.gitignore	2f406d09d7c05dbd59fe6516456c864a0da046ab8ad70ba51cff13b964beccb6	git github.com/microsoft/DirectX-Headers.git (mirror of external/github.com/microsoft/DirectX-Headers)	62c23d5ec700659453c6fe89d296554b2a5e7edc
third_party/microsoft_dxheaders/src/Android.bp	5d1b253573aca10ccf28d8ba7aa9abfc626ec8ab4781148e1b34957dc1ed13bf	git github.com/microsoft/DirectX-Headers.git (mirror of external/github.com/microsoft/DirectX-Headers)	62c23d5ec700659453c6fe89d296554b2a5e7edc
third_party/microsoft_dxheaders/src/CMakeLists.txt	db84531e9ec1875027450f7f8c464a9a9b423846085c27d7169848b0dc5ef41f	git github.com/microsoft/DirectX-Headers.git (mirror of external/github.com/microsoft/DirectX-Headers)	62c23d5ec700659453c6fe89d296554b2a5e7edc
third_party/microsoft_dxheaders/src/CMakePresets.json	3f7cb8992b67b499a01e8a773af957434c7ca341e5ba9756678517605afc71d9	git github.com/microsoft/DirectX-Headers.git (mirror of external/github.com/microsoft/DirectX-Headers)	62c23d5ec700659453c6fe89d296554b2a5e7edc
third_party/microsoft_dxheaders/src/CODE_OF_CONDUCT.md	9d45a586fce701502d173a7c10c71c8bd4f23e23d5a4a06e9d00eb57a9c11205	git github.com/microsoft/DirectX-Headers.git (mirror of external/github.com/microsoft/DirectX-Headers)	62c23d5ec700659453c6fe89d296554b2a5e7edc
third_party/microsoft_dxheaders/src/LICENSE	903df5512f7d02609fed0c780a9b704f5a3eeb6e4d84ebe42a29845c81899a3c	git github.com/microsoft/DirectX-Headers.git (mirror of external/github.com/microsoft/DirectX-Headers)	62c23d5ec700659453c6fe89d296554b2a5e7edc
third_party/microsoft_dxheaders/src/README.md	1d2bc9d96e0cc3d482c02b45a606dca5b23804ec1aac214c3a74eb1e81f67eab	git github.com/microsoft/DirectX-Headers.git (mirror of external/github.com/microsoft/DirectX-Headers)	62c23d5ec700659453c6fe89d296554b2a5e7edc
third_party/microsoft_dxheaders/src/SECURITY.md	7b6976eec43edfa68b79a459dd089c56b7a395916dbf1a01bd11e6d86e12128f	git github.com/microsoft/DirectX-Headers.git (mirror of external/github.com/microsoft/DirectX-Headers)	62c23d5ec700659453c6fe89d296554b2a5e7edc
third_party/microsoft_dxheaders/src/cmake/DirectX-Headers.pc.in	c5f607f79fbb509229c81d2ac42d28ef0c6fb2a2784fad909e6a1fac989e53a0	git github.com/microsoft/DirectX-Headers.git (mirror of external/github.com/microsoft/DirectX-Headers)	62c23d5ec700659453c6fe89d296554b2a5e7edc
third_party/microsoft_dxheaders/src/cmake/JoinPaths.cmake	794b0d8fa62a3b798c7df12d50114580d1a47a234bfb6b4d83092eb646a6ecc4	git github.com/microsoft/DirectX-Headers.git (mirror of external/github.com/microsoft/DirectX-Headers)	62c23d5ec700659453c6fe89d296554b2a5e7edc
third_party/microsoft_dxheaders/src/cmake/directx-headers-config.cmake.in	5b32c518045397d8d77863966e00c102738dbd4f287ce4360429958822a85679	git github.com/microsoft/DirectX-Headers.git (mirror of external/github.com/microsoft/DirectX-Headers)	62c23d5ec700659453c6fe89d296554b2a5e7edc
third_party/microsoft_dxheaders/src/googletest/CMakeLists.txt	acef01652bb5219bc950377e0447e8ba3a11b7ef7cf2f880d27454e946eb46e5	git github.com/microsoft/DirectX-Headers.git (mirror of external/github.com/microsoft/DirectX-Headers)	62c23d5ec700659453c6fe89d296554b2a5e7edc
third_party/microsoft_dxheaders/src/googletest/MockDevice.hpp	da58e31e545fc3d80d9f02527f2f54f0cecfe5b7f8d4d33d721347a7d27bc81d	git github.com/microsoft/DirectX-Headers.git (mirror of external/github.com/microsoft/DirectX-Headers)	62c23d5ec700659453c6fe89d296554b2a5e7edc
third_party/microsoft_dxheaders/src/googletest/feature_support_test.cpp	e54f89048ead673d61e2182d8543c834de1684a0b833b40c7cdaed947ffe7cb1	git github.com/microsoft/DirectX-Headers.git (mirror of external/github.com/microsoft/DirectX-Headers)	62c23d5ec700659453c6fe89d296554b2a5e7edc
third_party/microsoft_dxheaders/src/googletest/meson.build	3830c1859076d3e074586ed555ab5878ae125a076fb3ee7d76f6ca2dbd98c5aa	git github.com/microsoft/DirectX-Headers.git (mirror of external/github.com/microsoft/DirectX-Headers)	62c23d5ec700659453c6fe89d296554b2a5e7edc
third_party/microsoft_dxheaders/src/include/composition/dcomp-preview.h	006436a376dc30a6336d88e8477a6795249e5d62c708493ad07d20df9935adda	git github.com/microsoft/DirectX-Headers.git (mirror of external/github.com/microsoft/DirectX-Headers)	62c23d5ec700659453c6fe89d296554b2a5e7edc
third_party/microsoft_dxheaders/src/include/directx/D3D12TokenizedProgramFormat.hpp	5862ef7c8b819f0d02ba73563a9df4dc0e89f11fe59d8f598def39122273c626	git github.com/microsoft/DirectX-Headers.git (mirror of external/github.com/microsoft/DirectX-Headers)	62c23d5ec700659453c6fe89d296554b2a5e7edc
third_party/microsoft_dxheaders/src/include/directx/DirectML.h	3daeed73aa64905c07b6f5394c7b45eabf0ac17bbca54b1584c871e03e4f54ad	git github.com/microsoft/DirectX-Headers.git (mirror of external/github.com/microsoft/DirectX-Headers)	62c23d5ec700659453c6fe89d296554b2a5e7edc
third_party/microsoft_dxheaders/src/include/directx/d3d12.h	001db4a002b3ddb6a4e355646507e672bef3576290f1746c095b9034fb1c6342	git github.com/microsoft/DirectX-Headers.git (mirror of external/github.com/microsoft/DirectX-Headers)	62c23d5ec700659453c6fe89d296554b2a5e7edc
third_party/microsoft_dxheaders/src/include/directx/d3d12.idl	01edc148799daa6d686812277a5b0a099d112f6d2bd3c856e0d8afe780daf837	git github.com/microsoft/DirectX-Headers.git (mirror of external/github.com/microsoft/DirectX-Headers)	62c23d5ec700659453c6fe89d296554b2a5e7edc
third_party/microsoft_dxheaders/src/include/directx/d3d12compatibility.h	49c90e78c6729d086770cecc0b037b118cd63fa87c1fa7237771eadb59c28d2c	git github.com/microsoft/DirectX-Headers.git (mirror of external/github.com/microsoft/DirectX-Headers)	62c23d5ec700659453c6fe89d296554b2a5e7edc
third_party/microsoft_dxheaders/src/include/directx/d3d12compatibility.idl	7a57c2ae2f5e2a0c0c602f791919a23a8db1da63e5b56bf5c3a0d634bd594cf3	git github.com/microsoft/DirectX-Headers.git (mirror of external/github.com/microsoft/DirectX-Headers)	62c23d5ec700659453c6fe89d296554b2a5e7edc
third_party/microsoft_dxheaders/src/include/directx/d3d12sdklayers.h	81ee27d0ef90086145ae9ccdc8f4241448c745ffa27851999b9f882cad64c621	git github.com/microsoft/DirectX-Headers.git (mirror of external/github.com/microsoft/DirectX-Headers)	62c23d5ec700659453c6fe89d296554b2a5e7edc
third_party/microsoft_dxheaders/src/include/directx/d3d12sdklayers.idl	32a7994e8116e833fc0da5f4fcd7e0c8be791ea23ac15e7648e75827744218ea	git github.com/microsoft/DirectX-Headers.git (mirror of external/github.com/microsoft/DirectX-Headers)	62c23d5ec700659453c6fe89d296554b2a5e7edc
third_party/microsoft_dxheaders/src/include/directx/d3d12shader.h	5d8af6cdc1689dbfd38147b8253ddcd81a0fb74832cfd538e1a5d2923df07a9c	git github.com/microsoft/DirectX-Headers.git (mirror of external/github.com/microsoft/DirectX-Headers)	62c23d5ec700659453c6fe89d296554b2a5e7edc
third_party/microsoft_dxheaders/src/include/directx/d3d12video.h	501601d8eb22dc65bfc34544e1fba0dac97176827e2e5878589cf191e9c22c28	git github.com/microsoft/DirectX-Headers.git (mirror of external/github.com/microsoft/DirectX-Headers)	62c23d5ec700659453c6fe89d296554b2a5e7edc
third_party/microsoft_dxheaders/src/include/directx/d3d12video.idl	9e9bb240edad119229561a73bbb3f08135099790a0ea23469ac64b70e3a9e910	git github.com/microsoft/DirectX-Headers.git (mirror of external/github.com/microsoft/DirectX-Headers)	62c23d5ec700659453c6fe89d296554b2a5e7edc
third_party/microsoft_dxheaders/src/include/directx/d3dcommon.h	8c236985415516302faf0cb725fa78312cb1ac05ba866e29eeab23d695a0f5cb	git github.com/microsoft/DirectX-Headers.git (mirror of external/github.com/microsoft/DirectX-Headers)	62c23d5ec700659453c6fe89d296554b2a5e7edc
third_party/microsoft_dxheaders/src/include/directx/d3dcommon.idl	2513f619ece3bda0af925b8120ba1adfd6ac1d27a9cb62e4635ef3fafbd09fd2	git github.com/microsoft/DirectX-Headers.git (mirror of external/github.com/microsoft/DirectX-Headers)	62c23d5ec700659453c6fe89d296554b2a5e7edc
third_party/microsoft_dxheaders/src/include/directx/d3dx12.h	22ba33de657577a9528c20eb729ae9b94a6d45864346ccfc43ba4a9e4053c9c4	git github.com/microsoft/DirectX-Headers.git (mirror of external/github.com/microsoft/DirectX-Headers)	62c23d5ec700659453c6fe89d296554b2a5e7edc
third_party/microsoft_dxheaders/src/include/directx/d3dx12_barriers.h	55aef3331bfd628c99fc0f7856d3a6001449c9373f6c9c7799757c2e06be0966	git github.com/microsoft/DirectX-Headers.git (mirror of external/github.com/microsoft/DirectX-Headers)	62c23d5ec700659453c6fe89d296554b2a5e7edc
third_party/microsoft_dxheaders/src/include/directx/d3dx12_check_feature_support.h	59dccd2ce5143fbfba9b6e91b7b19e3662185fe3dedb6a2d2cb5f32134891831	git github.com/microsoft/DirectX-Headers.git (mirror of external/github.com/microsoft/DirectX-Headers)	62c23d5ec700659453c6fe89d296554b2a5e7edc
third_party/microsoft_dxheaders/src/include/directx/d3dx12_core.h	6030195139f6b76069738ca11fd99bc1efb01400f4c78bb1c669dd11face4df1	git github.com/microsoft/DirectX-Headers.git (mirror of external/github.com/microsoft/DirectX-Headers)	62c23d5ec700659453c6fe89d296554b2a5e7edc
third_party/microsoft_dxheaders/src/include/directx/d3dx12_default.h	a41a985b72913cfc53946f1a99f7dd1964e75e44109db95d18978080b01c65c8	git github.com/microsoft/DirectX-Headers.git (mirror of external/github.com/microsoft/DirectX-Headers)	62c23d5ec700659453c6fe89d296554b2a5e7edc
third_party/microsoft_dxheaders/src/include/directx/d3dx12_pipeline_state_stream.h	75b644aca1e80e3aa02ab22b0f4cfbedd76c455d7a62d78a4f91228d79231db1	git github.com/microsoft/DirectX-Headers.git (mirror of external/github.com/microsoft/DirectX-Headers)	62c23d5ec700659453c6fe89d296554b2a5e7edc
third_party/microsoft_dxheaders/src/include/directx/d3dx12_property_format_table.h	1fa486e39acdbf64a2ba56f1aa6502ba1e5b3ad2e6febd305a96786ea6305c19	git github.com/microsoft/DirectX-Headers.git (mirror of external/github.com/microsoft/DirectX-Headers)	62c23d5ec700659453c6fe89d296554b2a5e7edc
third_party/microsoft_dxheaders/src/include/directx/d3dx12_render_pass.h	b3b7cce48c17b2e6e420ac6d9b707146a2f680e5f2653077271ecbb60b0f84a3	git github.com/microsoft/DirectX-Headers.git (mirror of external/github.com/microsoft/DirectX-Headers)	62c23d5ec700659453c6fe89d296554b2a5e7edc
third_party/microsoft_dxheaders/src/include/directx/d3dx12_resource_helpers.h	64c431b3ab7079d0e1d6e735a6679a1f8c092cf2be0e02c42573652fd14836cc	git github.com/microsoft/DirectX-Headers.git (mirror of external/github.com/microsoft/DirectX-Headers)	62c23d5ec700659453c6fe89d296554b2a5e7edc
third_party/microsoft_dxheaders/src/include/directx/d3dx12_root_signature.h	b6446912da91384cb368c6f3c15ed6e21c33987af0483352d459066bd64abc86	git github.com/microsoft/DirectX-Headers.git (mirror of external/github.com/microsoft/DirectX-Headers)	62c23d5ec700659453c6fe89d296554b2a5e7edc
third_party/microsoft_dxheaders/src/include/directx/d3dx12_state_object.h	ad5a4352cf1b07ce02a7479993ae45653119b9bfdf7a45901b630e67e6692db1	git github.com/microsoft/DirectX-Headers.git (mirror of external/github.com/microsoft/DirectX-Headers)	62c23d5ec700659453c6fe89d296554b2a5e7edc
third_party/microsoft_dxheaders/src/include/directx/dxcore.h	63810a79e8cf27becb12be85af84e9a09acef613b23bc866f63cc7c3f54e72dc	git github.com/microsoft/DirectX-Headers.git (mirror of external/github.com/microsoft/DirectX-Headers)	62c23d5ec700659453c6fe89d296554b2a5e7edc
third_party/microsoft_dxheaders/src/include/directx/dxcore_interface.h	4d6cc2c2f1540df29c1dc73f2a9a09e7d7b7fe375a1a1ee804b1775bdb232352	git github.com/microsoft/DirectX-Headers.git (mirror of external/github.com/microsoft/DirectX-Headers)	62c23d5ec700659453c6fe89d296554b2a5e7edc
third_party/microsoft_dxheaders/src/include/directx/dxgicommon.h	10b795959eef2771c5f4d20c49b20d56353cf9439e49667c391f32b9e74b09f6	git github.com/microsoft/DirectX-Headers.git (mirror of external/github.com/microsoft/DirectX-Headers)	62c23d5ec700659453c6fe89d296554b2a5e7edc
third_party/microsoft_dxheaders/src/include/directx/dxgicommon.idl	e74cf909cfcaad9129915c575153bf2b5fe24c14293210d2c0fc062534396d7a	git github.com/microsoft/DirectX-Headers.git (mirror of external/github.com/microsoft/DirectX-Headers)	62c23d5ec700659453c6fe89d296554b2a5e7edc
third_party/microsoft_dxheaders/src/include/directx/dxgiformat.h	0ac14d7da595c528e0f14c64685d83596c392d36a0ab49ce2ecab05299e6c0d0	git github.com/microsoft/DirectX-Headers.git (mirror of external/github.com/microsoft/DirectX-Headers)	62c23d5ec700659453c6fe89d296554b2a5e7edc
third_party/microsoft_dxheaders/src/include/directx/dxgiformat.idl	dec3bd183947ebf7bdef8547aff8f1b3aa6e6f6be770d3be15b14d39b626618f	git github.com/microsoft/DirectX-Headers.git (mirror of external/github.com/microsoft/DirectX-Headers)	62c23d5ec700659453c6fe89d296554b2a5e7edc
third_party/microsoft_dxheaders/src/include/dxguids/dxguids.h	247a7c0741bae581ddf83f7e60ee981ee74a52a59c453662bfb5cdfedbed3c87	git github.com/microsoft/DirectX-Headers.git (mirror of external/github.com/microsoft/DirectX-Headers)	62c23d5ec700659453c6fe89d296554b2a5e7edc
third_party/microsoft_dxheaders/src/include/experimental-composition/experimental-dcomp.h	74fe137c3a890d0c48add77d094af87b1249055b585408a5d3e47614d8453fa0	git github.com/microsoft/DirectX-Headers.git (mirror of external/github.com/microsoft/DirectX-Headers)	62c23d5ec700659453c6fe89d296554b2a5e7edc
third_party/microsoft_dxheaders/src/include/experimental-composition/experimental-presentation.h	db22c536b756d10dd43504e34466552f8fdab23e71cb3c40f710a387c5f42ac8	git github.com/microsoft/DirectX-Headers.git (mirror of external/github.com/microsoft/DirectX-Headers)	62c23d5ec700659453c6fe89d296554b2a5e7edc
third_party/microsoft_dxheaders/src/include/wsl/stubs/basetsd.h	a13f32227ff7371438e13381a3ac46cd748db5df5a40902cd5aae9d365816e6a	git github.com/microsoft/DirectX-Headers.git (mirror of external/github.com/microsoft/DirectX-Headers)	62c23d5ec700659453c6fe89d296554b2a5e7edc
third_party/microsoft_dxheaders/src/include/wsl/stubs/oaidl.h	6169e7f95762b9304753c3f6da81c3a78bd86dc46788357ea4988902bc8394a0	git github.com/microsoft/DirectX-Headers.git (mirror of external/github.com/microsoft/DirectX-Headers)	62c23d5ec700659453c6fe89d296554b2a5e7edc
third_party/microsoft_dxheaders/src/include/wsl/stubs/ocidl.h	6169e7f95762b9304753c3f6da81c3a78bd86dc46788357ea4988902bc8394a0	git github.com/microsoft/DirectX-Headers.git (mirror of external/github.com/microsoft/DirectX-Headers)	62c23d5ec700659453c6fe89d296554b2a5e7edc
third_party/microsoft_dxheaders/src/include/wsl/stubs/rpc.h	6169e7f95762b9304753c3f6da81c3a78bd86dc46788357ea4988902bc8394a0	git github.com/microsoft/DirectX-Headers.git (mirror of external/github.com/microsoft/DirectX-Headers)	62c23d5ec700659453c6fe89d296554b2a5e7edc
third_party/microsoft_dxheaders/src/include/wsl/stubs/rpcndr.h	83e90cd4f1746c22e970c443131cbc9154863aff6be8aad05d380ea320d44422	git github.com/microsoft/DirectX-Headers.git (mirror of external/github.com/microsoft/DirectX-Headers)	62c23d5ec700659453c6fe89d296554b2a5e7edc
third_party/microsoft_dxheaders/src/include/wsl/stubs/unknwn.h	f29eaad0480e4a7da9c64cc2caed0abcefc6b30c677f7a8309f5bb13030833e4	git github.com/microsoft/DirectX-Headers.git (mirror of external/github.com/microsoft/DirectX-Headers)	62c23d5ec700659453c6fe89d296554b2a5e7edc
third_party/microsoft_dxheaders/src/include/wsl/stubs/unknwnbase.h	6f0cd0479cea416de9f960ffa81a9927302f4c7f7103614a131fc124401b1ab2	git github.com/microsoft/DirectX-Headers.git (mirror of external/github.com/microsoft/DirectX-Headers)	62c23d5ec700659453c6fe89d296554b2a5e7edc
third_party/microsoft_dxheaders/src/include/wsl/stubs/winapifamily.h	c42b24ba228cfe80aa1e75772ba364dffb16f0aad7b61e9d9c6a9064c2359646	git github.com/microsoft/DirectX-Headers.git (mirror of external/github.com/microsoft/DirectX-Headers)	62c23d5ec700659453c6fe89d296554b2a5e7edc
third_party/microsoft_dxheaders/src/include/wsl/stubs/wrl/client.h	6b31920f8bb071f1a1222c1b60f7fc751fc599fcea34cb1506cb162ce5443fc8	git github.com/microsoft/DirectX-Headers.git (mirror of external/github.com/microsoft/DirectX-Headers)	62c23d5ec700659453c6fe89d296554b2a5e7edc
third_party/microsoft_dxheaders/src/include/wsl/stubs/wrl/implements.h	2c144204cb6088b8ee13614650a232670dc442e9ffd69684a54b1ab68d19bd44	git github.com/microsoft/DirectX-Headers.git (mirror of external/github.com/microsoft/DirectX-Headers)	62c23d5ec700659453c6fe89d296554b2a5e7edc
third_party/microsoft_dxheaders/src/include/wsl/winadapter.h	32dc819b324189ddb8bf95c2cd301f5370622cd269bd9cad3d0b77d10cc798dc	git github.com/microsoft/DirectX-Headers.git (mirror of external/github.com/microsoft/DirectX-Headers)	62c23d5ec700659453c6fe89d296554b2a5e7edc
third_party/microsoft_dxheaders/src/include/wsl/wrladapter.h	bed45f4c0552a15572cc05d28acacffe6d7e660c31c95d7feb42b9a3635b9f00	git github.com/microsoft/DirectX-Headers.git (mirror of external/github.com/microsoft/DirectX-Headers)	62c23d5ec700659453c6fe89d296554b2a5e7edc
third_party/microsoft_dxheaders/src/meson.build	d25c285630c74ee3d23efd88c730cd0e8f4fd527418058cd467918073eb2a778	git github.com/microsoft/DirectX-Headers.git (mirror of external/github.com/microsoft/DirectX-Headers)	62c23d5ec700659453c6fe89d296554b2a5e7edc
third_party/microsoft_dxheaders/src/meson_options.txt	ab63da6f2fe4ef6c55d22ce964163d5dd1f589e15645f03fb4a7e894272be3df	git github.com/microsoft/DirectX-Headers.git (mirror of external/github.com/microsoft/DirectX-Headers)	62c23d5ec700659453c6fe89d296554b2a5e7edc
third_party/microsoft_dxheaders/src/src/d3dx12_property_format_table.cpp	7ab4d7f609132e24a904da7ccd2f9f94824941868a196d024effba5f3a898b1c	git github.com/microsoft/DirectX-Headers.git (mirror of external/github.com/microsoft/DirectX-Headers)	62c23d5ec700659453c6fe89d296554b2a5e7edc
third_party/microsoft_dxheaders/src/src/dxguids.cpp	868b89e5e1995db67fd90510f457191cd90e63e1febc8524a4421635ad827c4e	git github.com/microsoft/DirectX-Headers.git (mirror of external/github.com/microsoft/DirectX-Headers)	62c23d5ec700659453c6fe89d296554b2a5e7edc
third_party/microsoft_dxheaders/src/test.txt	185f8db32271fe25f561a6fc938b2e264306ec304eda518007d1764826381969	git github.com/microsoft/DirectX-Headers.git (mirror of external/github.com/microsoft/DirectX-Headers)	62c23d5ec700659453c6fe89d296554b2a5e7edc
third_party/microsoft_dxheaders/src/test/CMakeLists.txt	3138192a252cd81aed6411d9f3337e8478ec108e058c6aa807e3c5679b0aa2fa	git github.com/microsoft/DirectX-Headers.git (mirror of external/github.com/microsoft/DirectX-Headers)	62c23d5ec700659453c6fe89d296554b2a5e7edc
third_party/microsoft_dxheaders/src/test/feature_check_test.cpp	3e2f546e444a397819354bdcf36d488fcf97d94f828def3656d5069195892475	git github.com/microsoft/DirectX-Headers.git (mirror of external/github.com/microsoft/DirectX-Headers)	62c23d5ec700659453c6fe89d296554b2a5e7edc
third_party/microsoft_dxheaders/src/test/meson.build	3ad0d4e609006100690ee6e2c0c16f51adc6ec3f5e578499ca176bb7d3f9752d	git github.com/microsoft/DirectX-Headers.git (mirror of external/github.com/microsoft/DirectX-Headers)	62c23d5ec700659453c6fe89d296554b2a5e7edc
third_party/microsoft_dxheaders/src/test/test.cpp	6ff077a364a5f0f96b675d21aa8f053711fbef75bfdb193b44cc10b8475e2294	git github.com/microsoft/DirectX-Headers.git (mirror of external/github.com/microsoft/DirectX-Headers)	62c23d5ec700659453c6fe89d296554b2a5e7edc
third_party/node/win/node.exe	2ffe3acc0458fdde999f50d11809bbe7c9b7ef204dcf17094e325d26ace101d8	gcs chromium-nodejs/2f710ced2db2beb7c3debf6097196c35ee5adb74	sha256 2ffe3acc0458fdde999f50d11809bbe7c9b7ef204dcf17094e325d26ace101d8
third_party/devtools-frontend/src/third_party/rollup_libs/rollup.win32-x64-msvc.node	d7997371a38395605532dff4dd6909819b2b22f852136b272f1b823b87d25358	cipd infra/3pp/tools/rollup_libs/windows-amd64 (devtools DEPS third_party/rollup_libs)	version:3@4.60.4 = instance d13ee0b2c45a862af426d9a6d078027a7e5cedc1de631db70870ac9195792017
third_party/devtools-frontend/src/node_modules/@rollup/rollup-win32-x64-msvc/package.json	beecf1d5edd4f2d0e3a10513d2c7fe3f029c4a615ea6e65775f5a84db313f3a3	hook sync_rollup_libs.py (devtools DEPS) from third_party/rollup_libs	version:3@4.60.4
third_party/devtools-frontend/src/node_modules/@rollup/rollup-win32-x64-msvc/rollup-win32-x64-msvc.node	d7997371a38395605532dff4dd6909819b2b22f852136b272f1b823b87d25358	hook sync_rollup_libs.py (devtools DEPS) from third_party/rollup_libs	version:3@4.60.4
# removed by his decision (X86-1 §1.4): third_party/devtools-frontend/src/third_party/esbuild/esbuild (tarball's Linux ELF, 15670606 B, 94c0d74078486afe93c07c2f4bc6ca3963dd8147fd335d29c554d2d0a8740a6d) moved to F:\cr\x86-1\tree-moved\ — it shadows esbuild.exe on Windows (devtools_paths.esbuild_path() has no extension)
third_party/microsoft_webauthn/src/.gitignore	7a67f576b78384397450b91f2139c1ab237bd07c9849db7a8a336105b6e96e8f	git chromium_git external/github.com/microsoft/webauthn.git (DEPS src/third_party/microsoft_webauthn/src, checkout_win; X86-1 §2, his OK)	273689d1d54232f0c316b31f596e7928acb1cd5a
third_party/microsoft_webauthn/src/LICENSE	27ebda9d51f0a56b7e281ccd8230a27236dcb51c05f64b07869ecf6e965d68b0	git chromium_git external/github.com/microsoft/webauthn.git (DEPS src/third_party/microsoft_webauthn/src, checkout_win; X86-1 §2, his OK)	273689d1d54232f0c316b31f596e7928acb1cd5a
third_party/microsoft_webauthn/src/README.md	0853ffb11cd36cc744a2b8a40c71edc773d29c66355cd9f666f2aca0b31f2918	git chromium_git external/github.com/microsoft/webauthn.git (DEPS src/third_party/microsoft_webauthn/src, checkout_win; X86-1 §2, his OK)	273689d1d54232f0c316b31f596e7928acb1cd5a
third_party/microsoft_webauthn/src/SECURITY.md	430987b8c5f30c366ecd501bc344c8b29b6280e8a10174376a769f7443a187cd	git chromium_git external/github.com/microsoft/webauthn.git (DEPS src/third_party/microsoft_webauthn/src, checkout_win; X86-1 §2, his OK)	273689d1d54232f0c316b31f596e7928acb1cd5a
third_party/microsoft_webauthn/src/pluginauthenticator.h	410458e5690de816c286044ec8e748fa588569a58bd80303b48e97f8a1a092d4	git chromium_git external/github.com/microsoft/webauthn.git (DEPS src/third_party/microsoft_webauthn/src, checkout_win; X86-1 §2, his OK)	273689d1d54232f0c316b31f596e7928acb1cd5a
third_party/microsoft_webauthn/src/pluginauthenticator.idl	9f0fd3458301d127edaac55c27de3520b98dca9f7157065cf0d975688c4d0416	git chromium_git external/github.com/microsoft/webauthn.git (DEPS src/third_party/microsoft_webauthn/src, checkout_win; X86-1 §2, his OK)	273689d1d54232f0c316b31f596e7928acb1cd5a
third_party/microsoft_webauthn/src/webauthn.h	da82d5be6b90a2706185ae44ad93649bcefc0f89c97ab930ec4e6f0abb7b2283	git chromium_git external/github.com/microsoft/webauthn.git (DEPS src/third_party/microsoft_webauthn/src, checkout_win; X86-1 §2, his OK)	273689d1d54232f0c316b31f596e7928acb1cd5a
third_party/microsoft_webauthn/src/webauthnplugin.h	f9a656cf1fbf16aa2d532d7319659460b2f5880e55c875c7bd79a2385e2fcef7	git chromium_git external/github.com/microsoft/webauthn.git (DEPS src/third_party/microsoft_webauthn/src, checkout_win; X86-1 §2, his OK)	273689d1d54232f0c316b31f596e7928acb1cd5a
