# BATCH-ARM-FIX-2 portable packages (x86 + post-0031 ARM32, CFG off at link); zip sha256: venetium-150.0.7871.226-win-x86.zip f02dc37ae1e8976b7ddeb826a4dc9be42d465ac43d2ec9564459674791c41747; venetium-150.0.7871.226-win-arm32.zip 22c3d1a6dcaf5d1261575b4553b24eb940b8a6a59587094bf45ea583afcbc0a9
zip	path	sha256	arch	size
venetium-150.0.7871.226-win-x86.zip	150.0.7871.226.manifest	0aae559c4e28f278866af1890e994d169a0224849bb8f60b6c4bed2df70180f6	x86	228
venetium-150.0.7871.226-win-x86.zip	chrome.dll	370ddd75ffceba340779378c280eb3568788be173642104343b1105974ac4f88	x86	260963840
venetium-150.0.7871.226-win-x86.zip	chrome_100_percent.pak	4d49d8771740ac3e96e1fc98830a8428bd342449ac4a0ad097e549547bbe1e8c	x86	702794
venetium-150.0.7871.226-win-x86.zip	chrome_200_percent.pak	87b18ff366bf17b1cdfe15ec09e3304ccb09835e5ff9af1f7c090a3a5457ea04	x86	1228122
venetium-150.0.7871.226-win-x86.zip	chrome_elf.dll	bf68bdf7a0241020d0c8cb2759dc4f76864fbcc370cd4ce33541fe5ab3b0a604	x86	1196544
venetium-150.0.7871.226-win-x86.zip	chrome_proxy.exe	8e0e31b26fefdf8fb5bbdcdf379207ce766ee59015ba90332bf19b4c942d308b	x86	1104384
venetium-150.0.7871.226-win-x86.zip	chrome_pwa_launcher.exe	5188c919daf44c83fef5df6bcf75db14ab4bfc6410060519f32c9b0c913f1cce	x86	1411584
venetium-150.0.7871.226-win-x86.zip	chrome_wer.dll	f6bf65c506fc6f4518157101d2ea712d1576a2b2d27a9cc65d1e0e872727436a	x86	86528
venetium-150.0.7871.226-win-x86.zip	d3dcompiler_47.dll	7dbfbe65db71ac123d58c07f519bfd79f5019724df5d8d0b49c9f73901cfd1d1	x86	4147664
venetium-150.0.7871.226-win-x86.zip	eventlog_provider.dll	beef604b57eb0f4a10583642c1f1ca6ab5f9f6c4b909119cdf8f944c0a8f262d	x86	5120
venetium-150.0.7871.226-win-x86.zip	icudtl.dat	bd8c145abdf3f8383276ce01dfa4ae48709bef9fef1c0711eb7c3fab4f6eb7c2	x86	10876560
venetium-150.0.7871.226-win-x86.zip	IwaKeyDistribution/iwa-key-distribution.pb	683df233261ac7f711c1da97d709c11b601d23a99db5cdaa90bb354e4168c4a3	x86	3014
venetium-150.0.7871.226-win-x86.zip	IwaKeyDistribution/manifest.json	fde38b0ff178b7245e1979e0d158cd3c1fa973b5b8f7c33ccf8b46da90e93864	x86	114
venetium-150.0.7871.226-win-x86.zip	libEGL.dll	1a2ebf23ab13a4b8279a713a4f475785cd16bfd03d72f81ae9e902a0703ef8af	x86	434176
venetium-150.0.7871.226-win-x86.zip	libGLESv2.dll	bcad9123caddd48fcdefb56b9771a6cd7b2ac1e2bc1b4550a49d1c6c4a00b148	x86	15430656
venetium-150.0.7871.226-win-x86.zip	locales/af.pak	ad961d3ac8a2d9a1e0f0b12d6d88120d7a0fc8742db415e8d6f924881a5c3e23	x86	638570
venetium-150.0.7871.226-win-x86.zip	locales/af_FEMININE.pak	ca73097bd968b363b7145e86b64f3c595e533808b0763dc8863a27fc363cfa51	x86	18
venetium-150.0.7871.226-win-x86.zip	locales/af_MASCULINE.pak	ca73097bd968b363b7145e86b64f3c595e533808b0763dc8863a27fc363cfa51	x86	18
venetium-150.0.7871.226-win-x86.zip	locales/af_NEUTER.pak	ca73097bd968b363b7145e86b64f3c595e533808b0763dc8863a27fc363cfa51	x86	18
venetium-150.0.7871.226-win-x86.zip	locales/am.pak	d2744709ef8e3a83f922b12ea3b72b54b7ed56bde5bec9913bda377d47ffac22	x86	1031402
venetium-150.0.7871.226-win-x86.zip	locales/am_FEMININE.pak	ca73097bd968b363b7145e86b64f3c595e533808b0763dc8863a27fc363cfa51	x86	18
venetium-150.0.7871.226-win-x86.zip	locales/am_MASCULINE.pak	ca73097bd968b363b7145e86b64f3c595e533808b0763dc8863a27fc363cfa51	x86	18
venetium-150.0.7871.226-win-x86.zip	locales/am_NEUTER.pak	ca73097bd968b363b7145e86b64f3c595e533808b0763dc8863a27fc363cfa51	x86	18
venetium-150.0.7871.226-win-x86.zip	locales/ar-XB.pak	13df22aa4d5cc3ad7828c7c6af3fab0fec3c40bd0432b33c18f613cf2bed6d34	x86	1046749
venetium-150.0.7871.226-win-x86.zip	locales/ar-XB_FEMININE.pak	ca73097bd968b363b7145e86b64f3c595e533808b0763dc8863a27fc363cfa51	x86	18
venetium-150.0.7871.226-win-x86.zip	locales/ar-XB_MASCULINE.pak	ca73097bd968b363b7145e86b64f3c595e533808b0763dc8863a27fc363cfa51	x86	18
venetium-150.0.7871.226-win-x86.zip	locales/ar-XB_NEUTER.pak	ca73097bd968b363b7145e86b64f3c595e533808b0763dc8863a27fc363cfa51	x86	18
venetium-150.0.7871.226-win-x86.zip	locales/ar.pak	4316e9e265a786791588f7c4798e808f3ef4302ec74a4ca9b87e682c5c77ead1	x86	1140246
venetium-150.0.7871.226-win-x86.zip	locales/ar_FEMININE.pak	ca73097bd968b363b7145e86b64f3c595e533808b0763dc8863a27fc363cfa51	x86	18
venetium-150.0.7871.226-win-x86.zip	locales/ar_MASCULINE.pak	ca73097bd968b363b7145e86b64f3c595e533808b0763dc8863a27fc363cfa51	x86	18
venetium-150.0.7871.226-win-x86.zip	locales/ar_NEUTER.pak	ca73097bd968b363b7145e86b64f3c595e533808b0763dc8863a27fc363cfa51	x86	18
venetium-150.0.7871.226-win-x86.zip	locales/bg.pak	69ce6b9e5208f55ab4105c9df26791fcfb59211bdc7f856bfb09b35d4d3b35ff	x86	1180426
venetium-150.0.7871.226-win-x86.zip	locales/bg_FEMININE.pak	ca73097bd968b363b7145e86b64f3c595e533808b0763dc8863a27fc363cfa51	x86	18
venetium-150.0.7871.226-win-x86.zip	locales/bg_MASCULINE.pak	ca73097bd968b363b7145e86b64f3c595e533808b0763dc8863a27fc363cfa51	x86	18
venetium-150.0.7871.226-win-x86.zip	locales/bg_NEUTER.pak	ca73097bd968b363b7145e86b64f3c595e533808b0763dc8863a27fc363cfa51	x86	18
venetium-150.0.7871.226-win-x86.zip	locales/bn.pak	778b60421529acb04357bede852ebb7343bbfd8442152cdc185480fd2256e604	x86	1512011
venetium-150.0.7871.226-win-x86.zip	locales/bn_FEMININE.pak	ca73097bd968b363b7145e86b64f3c595e533808b0763dc8863a27fc363cfa51	x86	18
venetium-150.0.7871.226-win-x86.zip	locales/bn_MASCULINE.pak	ca73097bd968b363b7145e86b64f3c595e533808b0763dc8863a27fc363cfa51	x86	18
venetium-150.0.7871.226-win-x86.zip	locales/bn_NEUTER.pak	ca73097bd968b363b7145e86b64f3c595e533808b0763dc8863a27fc363cfa51	x86	18
venetium-150.0.7871.226-win-x86.zip	locales/ca.pak	65dfd14c567bff58624b4389c7d0a1ee2313a0cb4910ae72c803a64a58f76cc4	x86	726653
venetium-150.0.7871.226-win-x86.zip	locales/ca_FEMININE.pak	ca73097bd968b363b7145e86b64f3c595e533808b0763dc8863a27fc363cfa51	x86	18
venetium-150.0.7871.226-win-x86.zip	locales/ca_MASCULINE.pak	ca73097bd968b363b7145e86b64f3c595e533808b0763dc8863a27fc363cfa51	x86	18
venetium-150.0.7871.226-win-x86.zip	locales/ca_NEUTER.pak	ca73097bd968b363b7145e86b64f3c595e533808b0763dc8863a27fc363cfa51	x86	18
venetium-150.0.7871.226-win-x86.zip	locales/cs.pak	68529dc214fa4bcb260e94d3482d090ba659295a8f9270e0dff096fd795bf526	x86	744986
venetium-150.0.7871.226-win-x86.zip	locales/cs_FEMININE.pak	ca73097bd968b363b7145e86b64f3c595e533808b0763dc8863a27fc363cfa51	x86	18
venetium-150.0.7871.226-win-x86.zip	locales/cs_MASCULINE.pak	ca73097bd968b363b7145e86b64f3c595e533808b0763dc8863a27fc363cfa51	x86	18
venetium-150.0.7871.226-win-x86.zip	locales/cs_NEUTER.pak	ca73097bd968b363b7145e86b64f3c595e533808b0763dc8863a27fc363cfa51	x86	18
venetium-150.0.7871.226-win-x86.zip	locales/da.pak	b509f3baac8eafb016a24f4bd504a896be3daa5ab9607679ae516d1fa1f6fc22	x86	673186
venetium-150.0.7871.226-win-x86.zip	locales/da_FEMININE.pak	ca73097bd968b363b7145e86b64f3c595e533808b0763dc8863a27fc363cfa51	x86	18
venetium-150.0.7871.226-win-x86.zip	locales/da_MASCULINE.pak	ca73097bd968b363b7145e86b64f3c595e533808b0763dc8863a27fc363cfa51	x86	18
venetium-150.0.7871.226-win-x86.zip	locales/da_NEUTER.pak	ca73097bd968b363b7145e86b64f3c595e533808b0763dc8863a27fc363cfa51	x86	18
venetium-150.0.7871.226-win-x86.zip	locales/de.pak	932b98d031875c0bcaee81de420a87c84680bb187981b15204a5f6f976271807	x86	728333
venetium-150.0.7871.226-win-x86.zip	locales/de_FEMININE.pak	ca73097bd968b363b7145e86b64f3c595e533808b0763dc8863a27fc363cfa51	x86	18
venetium-150.0.7871.226-win-x86.zip	locales/de_MASCULINE.pak	ca73097bd968b363b7145e86b64f3c595e533808b0763dc8863a27fc363cfa51	x86	18
venetium-150.0.7871.226-win-x86.zip	locales/de_NEUTER.pak	ca73097bd968b363b7145e86b64f3c595e533808b0763dc8863a27fc363cfa51	x86	18
venetium-150.0.7871.226-win-x86.zip	locales/el.pak	fa69afb0828d7199ccbb6052eed5e49b3657c96a0a4b74ad172de101f7632b9a	x86	1295671
venetium-150.0.7871.226-win-x86.zip	locales/el_FEMININE.pak	ca73097bd968b363b7145e86b64f3c595e533808b0763dc8863a27fc363cfa51	x86	18
venetium-150.0.7871.226-win-x86.zip	locales/el_MASCULINE.pak	ca73097bd968b363b7145e86b64f3c595e533808b0763dc8863a27fc363cfa51	x86	18
venetium-150.0.7871.226-win-x86.zip	locales/el_NEUTER.pak	ca73097bd968b363b7145e86b64f3c595e533808b0763dc8863a27fc363cfa51	x86	18
venetium-150.0.7871.226-win-x86.zip	locales/en-GB.pak	d3f90207d6459c04eedf430d43c342352786b3ca8c35f713f16e5c63b1948f37	x86	582277
venetium-150.0.7871.226-win-x86.zip	locales/en-GB_FEMININE.pak	ca73097bd968b363b7145e86b64f3c595e533808b0763dc8863a27fc363cfa51	x86	18
venetium-150.0.7871.226-win-x86.zip	locales/en-GB_MASCULINE.pak	ca73097bd968b363b7145e86b64f3c595e533808b0763dc8863a27fc363cfa51	x86	18
venetium-150.0.7871.226-win-x86.zip	locales/en-GB_NEUTER.pak	ca73097bd968b363b7145e86b64f3c595e533808b0763dc8863a27fc363cfa51	x86	18
venetium-150.0.7871.226-win-x86.zip	locales/en-US.pak	a63307bd693ac46e352bc8eeeea3e8cfb31c11df91dbfb7a7e96f6b61adb0b48	x86	584755
venetium-150.0.7871.226-win-x86.zip	locales/en-US_FEMININE.pak	ca73097bd968b363b7145e86b64f3c595e533808b0763dc8863a27fc363cfa51	x86	18
venetium-150.0.7871.226-win-x86.zip	locales/en-US_MASCULINE.pak	ca73097bd968b363b7145e86b64f3c595e533808b0763dc8863a27fc363cfa51	x86	18
venetium-150.0.7871.226-win-x86.zip	locales/en-US_NEUTER.pak	ca73097bd968b363b7145e86b64f3c595e533808b0763dc8863a27fc363cfa51	x86	18
venetium-150.0.7871.226-win-x86.zip	locales/en-XA.pak	842e3dc15300c577390eecd508361769abc9f99c5758a6d9e1c46c5b89379b5a	x86	1311318
venetium-150.0.7871.226-win-x86.zip	locales/en-XA_FEMININE.pak	ca73097bd968b363b7145e86b64f3c595e533808b0763dc8863a27fc363cfa51	x86	18
venetium-150.0.7871.226-win-x86.zip	locales/en-XA_MASCULINE.pak	ca73097bd968b363b7145e86b64f3c595e533808b0763dc8863a27fc363cfa51	x86	18
venetium-150.0.7871.226-win-x86.zip	locales/en-XA_NEUTER.pak	ca73097bd968b363b7145e86b64f3c595e533808b0763dc8863a27fc363cfa51	x86	18
venetium-150.0.7871.226-win-x86.zip	locales/es-419.pak	20edb2d4dc38ab83ff8561fabfdcc85303bacf9922d68bec61b673c8e3011d69	x86	712386
venetium-150.0.7871.226-win-x86.zip	locales/es-419_FEMININE.pak	ca73097bd968b363b7145e86b64f3c595e533808b0763dc8863a27fc363cfa51	x86	18
venetium-150.0.7871.226-win-x86.zip	locales/es-419_MASCULINE.pak	ca73097bd968b363b7145e86b64f3c595e533808b0763dc8863a27fc363cfa51	x86	18
venetium-150.0.7871.226-win-x86.zip	locales/es-419_NEUTER.pak	ca73097bd968b363b7145e86b64f3c595e533808b0763dc8863a27fc363cfa51	x86	18
venetium-150.0.7871.226-win-x86.zip	locales/es.pak	ad070dadaa8f79b06afd1c134406f09484fb2240c17cf19f4c5bc19ce87c3961	x86	707150
venetium-150.0.7871.226-win-x86.zip	locales/es_FEMININE.pak	ca73097bd968b363b7145e86b64f3c595e533808b0763dc8863a27fc363cfa51	x86	18
venetium-150.0.7871.226-win-x86.zip	locales/es_MASCULINE.pak	ca73097bd968b363b7145e86b64f3c595e533808b0763dc8863a27fc363cfa51	x86	18
venetium-150.0.7871.226-win-x86.zip	locales/es_NEUTER.pak	ca73097bd968b363b7145e86b64f3c595e533808b0763dc8863a27fc363cfa51	x86	18
venetium-150.0.7871.226-win-x86.zip	locales/et.pak	93e8a0d35e4280df65987692bf8a35877fa65bf821a6863c27692eacce15db63	x86	647597
venetium-150.0.7871.226-win-x86.zip	locales/et_FEMININE.pak	ca73097bd968b363b7145e86b64f3c595e533808b0763dc8863a27fc363cfa51	x86	18
venetium-150.0.7871.226-win-x86.zip	locales/et_MASCULINE.pak	ca73097bd968b363b7145e86b64f3c595e533808b0763dc8863a27fc363cfa51	x86	18
venetium-150.0.7871.226-win-x86.zip	locales/et_NEUTER.pak	ca73097bd968b363b7145e86b64f3c595e533808b0763dc8863a27fc363cfa51	x86	18
venetium-150.0.7871.226-win-x86.zip	locales/fa.pak	05431f1cc5398e57e235cd769534406665dce4b7b800dc076d4b6be4d69544e6	x86	1062837
venetium-150.0.7871.226-win-x86.zip	locales/fa_FEMININE.pak	ca73097bd968b363b7145e86b64f3c595e533808b0763dc8863a27fc363cfa51	x86	18
venetium-150.0.7871.226-win-x86.zip	locales/fa_MASCULINE.pak	ca73097bd968b363b7145e86b64f3c595e533808b0763dc8863a27fc363cfa51	x86	18
venetium-150.0.7871.226-win-x86.zip	locales/fa_NEUTER.pak	ca73097bd968b363b7145e86b64f3c595e533808b0763dc8863a27fc363cfa51	x86	18
venetium-150.0.7871.226-win-x86.zip	locales/fi.pak	2135f511ce39a7b16e6a2678406e1fe7318ff004598e436fa4b5a2b09b5de3bc	x86	657250
venetium-150.0.7871.226-win-x86.zip	locales/fi_FEMININE.pak	ca73097bd968b363b7145e86b64f3c595e533808b0763dc8863a27fc363cfa51	x86	18
venetium-150.0.7871.226-win-x86.zip	locales/fi_MASCULINE.pak	ca73097bd968b363b7145e86b64f3c595e533808b0763dc8863a27fc363cfa51	x86	18
venetium-150.0.7871.226-win-x86.zip	locales/fi_NEUTER.pak	ca73097bd968b363b7145e86b64f3c595e533808b0763dc8863a27fc363cfa51	x86	18
venetium-150.0.7871.226-win-x86.zip	locales/fil.pak	7b45a06f81d80fa3940b7da472f6090bbb531b4ab67dd9c17fadc580508077a8	x86	743989
venetium-150.0.7871.226-win-x86.zip	locales/fil_FEMININE.pak	ca73097bd968b363b7145e86b64f3c595e533808b0763dc8863a27fc363cfa51	x86	18
venetium-150.0.7871.226-win-x86.zip	locales/fil_MASCULINE.pak	ca73097bd968b363b7145e86b64f3c595e533808b0763dc8863a27fc363cfa51	x86	18
venetium-150.0.7871.226-win-x86.zip	locales/fil_NEUTER.pak	ca73097bd968b363b7145e86b64f3c595e533808b0763dc8863a27fc363cfa51	x86	18
venetium-150.0.7871.226-win-x86.zip	locales/fr.pak	17f8269f50c2cc89e42946454736b29a1815de8322d5dbaf4b2e8938a3ae3a1e	x86	771181
venetium-150.0.7871.226-win-x86.zip	locales/fr_FEMININE.pak	ca73097bd968b363b7145e86b64f3c595e533808b0763dc8863a27fc363cfa51	x86	18
venetium-150.0.7871.226-win-x86.zip	locales/fr_MASCULINE.pak	ca73097bd968b363b7145e86b64f3c595e533808b0763dc8863a27fc363cfa51	x86	18
venetium-150.0.7871.226-win-x86.zip	locales/fr_NEUTER.pak	ca73097bd968b363b7145e86b64f3c595e533808b0763dc8863a27fc363cfa51	x86	18
venetium-150.0.7871.226-win-x86.zip	locales/gu.pak	a5509fd5d219c6e2c232c689f350798aa62a5d64366cb4a4e67b512027ab0905	x86	1499459
venetium-150.0.7871.226-win-x86.zip	locales/gu_FEMININE.pak	ca73097bd968b363b7145e86b64f3c595e533808b0763dc8863a27fc363cfa51	x86	18
venetium-150.0.7871.226-win-x86.zip	locales/gu_MASCULINE.pak	ca73097bd968b363b7145e86b64f3c595e533808b0763dc8863a27fc363cfa51	x86	18
venetium-150.0.7871.226-win-x86.zip	locales/gu_NEUTER.pak	ca73097bd968b363b7145e86b64f3c595e533808b0763dc8863a27fc363cfa51	x86	18
venetium-150.0.7871.226-win-x86.zip	locales/he.pak	3de73cfd32a92a8f226819097cd3976a776ea00b946717db5e028d0194b9f4b4	x86	934828
venetium-150.0.7871.226-win-x86.zip	locales/he_FEMININE.pak	ca73097bd968b363b7145e86b64f3c595e533808b0763dc8863a27fc363cfa51	x86	18
venetium-150.0.7871.226-win-x86.zip	locales/he_MASCULINE.pak	ca73097bd968b363b7145e86b64f3c595e533808b0763dc8863a27fc363cfa51	x86	18
venetium-150.0.7871.226-win-x86.zip	locales/he_NEUTER.pak	ca73097bd968b363b7145e86b64f3c595e533808b0763dc8863a27fc363cfa51	x86	18
venetium-150.0.7871.226-win-x86.zip	locales/hi.pak	e1f1e5dbae550e15cc6fed8c10585ef83ebef753740970a3a414bacd9dac6032	x86	1599324
venetium-150.0.7871.226-win-x86.zip	locales/hi_FEMININE.pak	ca73097bd968b363b7145e86b64f3c595e533808b0763dc8863a27fc363cfa51	x86	18
venetium-150.0.7871.226-win-x86.zip	locales/hi_MASCULINE.pak	ca73097bd968b363b7145e86b64f3c595e533808b0763dc8863a27fc363cfa51	x86	18
venetium-150.0.7871.226-win-x86.zip	locales/hi_NEUTER.pak	ca73097bd968b363b7145e86b64f3c595e533808b0763dc8863a27fc363cfa51	x86	18
venetium-150.0.7871.226-win-x86.zip	locales/hr.pak	ae3db8b28dea1d0f5f11fa3bf9f321d14826dfa5843be01e6190c852f0f9c19c	x86	717565
venetium-150.0.7871.226-win-x86.zip	locales/hr_FEMININE.pak	ca73097bd968b363b7145e86b64f3c595e533808b0763dc8863a27fc363cfa51	x86	18
venetium-150.0.7871.226-win-x86.zip	locales/hr_MASCULINE.pak	ca73097bd968b363b7145e86b64f3c595e533808b0763dc8863a27fc363cfa51	x86	18
venetium-150.0.7871.226-win-x86.zip	locales/hr_NEUTER.pak	ca73097bd968b363b7145e86b64f3c595e533808b0763dc8863a27fc363cfa51	x86	18
venetium-150.0.7871.226-win-x86.zip	locales/hu.pak	f8f61c74cd27d09ae4ff81efac351e1c979a2c06eb58e82af1cc551740bd1cf1	x86	767892
venetium-150.0.7871.226-win-x86.zip	locales/hu_FEMININE.pak	ca73097bd968b363b7145e86b64f3c595e533808b0763dc8863a27fc363cfa51	x86	18
venetium-150.0.7871.226-win-x86.zip	locales/hu_MASCULINE.pak	ca73097bd968b363b7145e86b64f3c595e533808b0763dc8863a27fc363cfa51	x86	18
venetium-150.0.7871.226-win-x86.zip	locales/hu_NEUTER.pak	ca73097bd968b363b7145e86b64f3c595e533808b0763dc8863a27fc363cfa51	x86	18
venetium-150.0.7871.226-win-x86.zip	locales/id.pak	ac647e5c7ed64d46011076c8033ba7e1bc8426c75690bea58ba62c2d3dc50e83	x86	637444
venetium-150.0.7871.226-win-x86.zip	locales/id_FEMININE.pak	ca73097bd968b363b7145e86b64f3c595e533808b0763dc8863a27fc363cfa51	x86	18
venetium-150.0.7871.226-win-x86.zip	locales/id_MASCULINE.pak	ca73097bd968b363b7145e86b64f3c595e533808b0763dc8863a27fc363cfa51	x86	18
venetium-150.0.7871.226-win-x86.zip	locales/id_NEUTER.pak	ca73097bd968b363b7145e86b64f3c595e533808b0763dc8863a27fc363cfa51	x86	18
venetium-150.0.7871.226-win-x86.zip	locales/it.pak	6b3daf5f6f40ea377fbea0e072e02e6b3543437bdc4809a7084990aee27a9dcd	x86	703110
venetium-150.0.7871.226-win-x86.zip	locales/it_FEMININE.pak	ca73097bd968b363b7145e86b64f3c595e533808b0763dc8863a27fc363cfa51	x86	18
venetium-150.0.7871.226-win-x86.zip	locales/it_MASCULINE.pak	ca73097bd968b363b7145e86b64f3c595e533808b0763dc8863a27fc363cfa51	x86	18
venetium-150.0.7871.226-win-x86.zip	locales/it_NEUTER.pak	ca73097bd968b363b7145e86b64f3c595e533808b0763dc8863a27fc363cfa51	x86	18
venetium-150.0.7871.226-win-x86.zip	locales/ja.pak	3153807633ca621cd4138b09eef6f253384b41b355b4aed47108d2ee594f6c53	x86	852258
venetium-150.0.7871.226-win-x86.zip	locales/ja_FEMININE.pak	ca73097bd968b363b7145e86b64f3c595e533808b0763dc8863a27fc363cfa51	x86	18
venetium-150.0.7871.226-win-x86.zip	locales/ja_MASCULINE.pak	ca73097bd968b363b7145e86b64f3c595e533808b0763dc8863a27fc363cfa51	x86	18
venetium-150.0.7871.226-win-x86.zip	locales/ja_NEUTER.pak	ca73097bd968b363b7145e86b64f3c595e533808b0763dc8863a27fc363cfa51	x86	18
venetium-150.0.7871.226-win-x86.zip	locales/kn.pak	efd476f316d1584f879195a230bd626da62b8ae9f1a613d2383751fd2ceb8309	x86	1715928
venetium-150.0.7871.226-win-x86.zip	locales/kn_FEMININE.pak	ca73097bd968b363b7145e86b64f3c595e533808b0763dc8863a27fc363cfa51	x86	18
venetium-150.0.7871.226-win-x86.zip	locales/kn_MASCULINE.pak	ca73097bd968b363b7145e86b64f3c595e533808b0763dc8863a27fc363cfa51	x86	18
venetium-150.0.7871.226-win-x86.zip	locales/kn_NEUTER.pak	ca73097bd968b363b7145e86b64f3c595e533808b0763dc8863a27fc363cfa51	x86	18
venetium-150.0.7871.226-win-x86.zip	locales/ko.pak	36cdbc73a40c8a5423524f333241c66b35182f563c81f63c4f95efc118618ac9	x86	722650
venetium-150.0.7871.226-win-x86.zip	locales/ko_FEMININE.pak	ca73097bd968b363b7145e86b64f3c595e533808b0763dc8863a27fc363cfa51	x86	18
venetium-150.0.7871.226-win-x86.zip	locales/ko_MASCULINE.pak	ca73097bd968b363b7145e86b64f3c595e533808b0763dc8863a27fc363cfa51	x86	18
venetium-150.0.7871.226-win-x86.zip	locales/ko_NEUTER.pak	ca73097bd968b363b7145e86b64f3c595e533808b0763dc8863a27fc363cfa51	x86	18
venetium-150.0.7871.226-win-x86.zip	locales/lt.pak	22d3c1aaa3575e160739e5142f7e77e954d6c950fc73ae276d3fb61a25b35c3b	x86	780720
venetium-150.0.7871.226-win-x86.zip	locales/lt_FEMININE.pak	ca73097bd968b363b7145e86b64f3c595e533808b0763dc8863a27fc363cfa51	x86	18
venetium-150.0.7871.226-win-x86.zip	locales/lt_MASCULINE.pak	ca73097bd968b363b7145e86b64f3c595e533808b0763dc8863a27fc363cfa51	x86	18
venetium-150.0.7871.226-win-x86.zip	locales/lt_NEUTER.pak	ca73097bd968b363b7145e86b64f3c595e533808b0763dc8863a27fc363cfa51	x86	18
venetium-150.0.7871.226-win-x86.zip	locales/lv.pak	158183fdd33936df950a5cefa7e0743948a6e5e90de86e753e67c256b1de6aa4	x86	778027
venetium-150.0.7871.226-win-x86.zip	locales/lv_FEMININE.pak	ca73097bd968b363b7145e86b64f3c595e533808b0763dc8863a27fc363cfa51	x86	18
venetium-150.0.7871.226-win-x86.zip	locales/lv_MASCULINE.pak	ca73097bd968b363b7145e86b64f3c595e533808b0763dc8863a27fc363cfa51	x86	18
venetium-150.0.7871.226-win-x86.zip	locales/lv_NEUTER.pak	ca73097bd968b363b7145e86b64f3c595e533808b0763dc8863a27fc363cfa51	x86	18
venetium-150.0.7871.226-win-x86.zip	locales/ml.pak	5cb6ac24df04ec8e1853fafdaf143b9b68cbcf0b7aded6607a26278eaff24295	x86	1763603
venetium-150.0.7871.226-win-x86.zip	locales/ml_FEMININE.pak	ca73097bd968b363b7145e86b64f3c595e533808b0763dc8863a27fc363cfa51	x86	18
venetium-150.0.7871.226-win-x86.zip	locales/ml_MASCULINE.pak	ca73097bd968b363b7145e86b64f3c595e533808b0763dc8863a27fc363cfa51	x86	18
venetium-150.0.7871.226-win-x86.zip	locales/ml_NEUTER.pak	ca73097bd968b363b7145e86b64f3c595e533808b0763dc8863a27fc363cfa51	x86	18
venetium-150.0.7871.226-win-x86.zip	locales/mr.pak	754839b9214fcf0bd6b21356f70b38393620a12df9aad44440b0ee63d2f36a08	x86	1466103
venetium-150.0.7871.226-win-x86.zip	locales/mr_FEMININE.pak	ca73097bd968b363b7145e86b64f3c595e533808b0763dc8863a27fc363cfa51	x86	18
venetium-150.0.7871.226-win-x86.zip	locales/mr_MASCULINE.pak	ca73097bd968b363b7145e86b64f3c595e533808b0763dc8863a27fc363cfa51	x86	18
venetium-150.0.7871.226-win-x86.zip	locales/mr_NEUTER.pak	ca73097bd968b363b7145e86b64f3c595e533808b0763dc8863a27fc363cfa51	x86	18
venetium-150.0.7871.226-win-x86.zip	locales/ms.pak	a62865c98f065f236dad85fe74de5af46156bc118edb522c8c91c28607ba6677	x86	670273
venetium-150.0.7871.226-win-x86.zip	locales/ms_FEMININE.pak	ca73097bd968b363b7145e86b64f3c595e533808b0763dc8863a27fc363cfa51	x86	18
venetium-150.0.7871.226-win-x86.zip	locales/ms_MASCULINE.pak	ca73097bd968b363b7145e86b64f3c595e533808b0763dc8863a27fc363cfa51	x86	18
venetium-150.0.7871.226-win-x86.zip	locales/ms_NEUTER.pak	ca73097bd968b363b7145e86b64f3c595e533808b0763dc8863a27fc363cfa51	x86	18
venetium-150.0.7871.226-win-x86.zip	locales/nb.pak	9c33af5f7aea9a6895e7954bf665decde28394350ab17b760b8e74aa7cfca7c4	x86	640898
venetium-150.0.7871.226-win-x86.zip	locales/nb_FEMININE.pak	ca73097bd968b363b7145e86b64f3c595e533808b0763dc8863a27fc363cfa51	x86	18
venetium-150.0.7871.226-win-x86.zip	locales/nb_MASCULINE.pak	ca73097bd968b363b7145e86b64f3c595e533808b0763dc8863a27fc363cfa51	x86	18
venetium-150.0.7871.226-win-x86.zip	locales/nb_NEUTER.pak	ca73097bd968b363b7145e86b64f3c595e533808b0763dc8863a27fc363cfa51	x86	18
venetium-150.0.7871.226-win-x86.zip	locales/nl.pak	42ab49d21dff2bfb4feb69ffb9e1257c9f0ff67bd170790cb1ef734929fb649d	x86	667680
venetium-150.0.7871.226-win-x86.zip	locales/nl_FEMININE.pak	ca73097bd968b363b7145e86b64f3c595e533808b0763dc8863a27fc363cfa51	x86	18
venetium-150.0.7871.226-win-x86.zip	locales/nl_MASCULINE.pak	ca73097bd968b363b7145e86b64f3c595e533808b0763dc8863a27fc363cfa51	x86	18
venetium-150.0.7871.226-win-x86.zip	locales/nl_NEUTER.pak	ca73097bd968b363b7145e86b64f3c595e533808b0763dc8863a27fc363cfa51	x86	18
venetium-150.0.7871.226-win-x86.zip	locales/pl.pak	14a60d345a0131d952a0279256d246969a229fe4bca38709acd5a5dd769f9f8c	x86	746287
venetium-150.0.7871.226-win-x86.zip	locales/pl_FEMININE.pak	ca73097bd968b363b7145e86b64f3c595e533808b0763dc8863a27fc363cfa51	x86	18
venetium-150.0.7871.226-win-x86.zip	locales/pl_MASCULINE.pak	ca73097bd968b363b7145e86b64f3c595e533808b0763dc8863a27fc363cfa51	x86	18
venetium-150.0.7871.226-win-x86.zip	locales/pl_NEUTER.pak	ca73097bd968b363b7145e86b64f3c595e533808b0763dc8863a27fc363cfa51	x86	18
venetium-150.0.7871.226-win-x86.zip	locales/pt-BR.pak	1deeed8658e90c53ba433969fb79d8e9f305787699a00bb83f4596b98d579e23	x86	698856
venetium-150.0.7871.226-win-x86.zip	locales/pt-BR_FEMININE.pak	ca73097bd968b363b7145e86b64f3c595e533808b0763dc8863a27fc363cfa51	x86	18
venetium-150.0.7871.226-win-x86.zip	locales/pt-BR_MASCULINE.pak	ca73097bd968b363b7145e86b64f3c595e533808b0763dc8863a27fc363cfa51	x86	18
venetium-150.0.7871.226-win-x86.zip	locales/pt-BR_NEUTER.pak	ca73097bd968b363b7145e86b64f3c595e533808b0763dc8863a27fc363cfa51	x86	18
venetium-150.0.7871.226-win-x86.zip	locales/pt-PT.pak	0afe1b8f26ac0a9c12779d1eff4d6bf6082ef97e377daefa403d9754776148b0	x86	703951
venetium-150.0.7871.226-win-x86.zip	locales/pt-PT_FEMININE.pak	ca73097bd968b363b7145e86b64f3c595e533808b0763dc8863a27fc363cfa51	x86	18
venetium-150.0.7871.226-win-x86.zip	locales/pt-PT_MASCULINE.pak	ca73097bd968b363b7145e86b64f3c595e533808b0763dc8863a27fc363cfa51	x86	18
venetium-150.0.7871.226-win-x86.zip	locales/pt-PT_NEUTER.pak	ca73097bd968b363b7145e86b64f3c595e533808b0763dc8863a27fc363cfa51	x86	18
venetium-150.0.7871.226-win-x86.zip	locales/ro.pak	3096cb4a632a6775086b1c30fcfb71c0b6a3c4b442dd319b7dafe8ede1ae10e3	x86	729770
venetium-150.0.7871.226-win-x86.zip	locales/ro_FEMININE.pak	ca73097bd968b363b7145e86b64f3c595e533808b0763dc8863a27fc363cfa51	x86	18
venetium-150.0.7871.226-win-x86.zip	locales/ro_MASCULINE.pak	ca73097bd968b363b7145e86b64f3c595e533808b0763dc8863a27fc363cfa51	x86	18
venetium-150.0.7871.226-win-x86.zip	locales/ro_NEUTER.pak	ca73097bd968b363b7145e86b64f3c595e533808b0763dc8863a27fc363cfa51	x86	18
venetium-150.0.7871.226-win-x86.zip	locales/ru.pak	2055f64141c0b6b5a88ec0c5b64cad003036819096b929230cd4a423a941a06a	x86	1205533
venetium-150.0.7871.226-win-x86.zip	locales/ru_FEMININE.pak	ca73097bd968b363b7145e86b64f3c595e533808b0763dc8863a27fc363cfa51	x86	18
venetium-150.0.7871.226-win-x86.zip	locales/ru_MASCULINE.pak	ca73097bd968b363b7145e86b64f3c595e533808b0763dc8863a27fc363cfa51	x86	18
venetium-150.0.7871.226-win-x86.zip	locales/ru_NEUTER.pak	ca73097bd968b363b7145e86b64f3c595e533808b0763dc8863a27fc363cfa51	x86	18
venetium-150.0.7871.226-win-x86.zip	locales/sk.pak	294dfa32b97ee0c7cff8e1548389afb503e4edf9f4e5a78273d3ba5aabac5f06	x86	756622
venetium-150.0.7871.226-win-x86.zip	locales/sk_FEMININE.pak	ca73097bd968b363b7145e86b64f3c595e533808b0763dc8863a27fc363cfa51	x86	18
venetium-150.0.7871.226-win-x86.zip	locales/sk_MASCULINE.pak	ca73097bd968b363b7145e86b64f3c595e533808b0763dc8863a27fc363cfa51	x86	18
venetium-150.0.7871.226-win-x86.zip	locales/sk_NEUTER.pak	ca73097bd968b363b7145e86b64f3c595e533808b0763dc8863a27fc363cfa51	x86	18
venetium-150.0.7871.226-win-x86.zip	locales/sl.pak	0641b39d708627dc10c3d3496b61d8ea6ece15ebf6a3b3e540c8463c1ffdfd87	x86	724993
venetium-150.0.7871.226-win-x86.zip	locales/sl_FEMININE.pak	ca73097bd968b363b7145e86b64f3c595e533808b0763dc8863a27fc363cfa51	x86	18
venetium-150.0.7871.226-win-x86.zip	locales/sl_MASCULINE.pak	ca73097bd968b363b7145e86b64f3c595e533808b0763dc8863a27fc363cfa51	x86	18
venetium-150.0.7871.226-win-x86.zip	locales/sl_NEUTER.pak	ca73097bd968b363b7145e86b64f3c595e533808b0763dc8863a27fc363cfa51	x86	18
venetium-150.0.7871.226-win-x86.zip	locales/sr.pak	c31b8b8f9b3d195652a6539c88f406ba970d320de16b166ca2bddaee82c988c1	x86	1113587
venetium-150.0.7871.226-win-x86.zip	locales/sr_FEMININE.pak	ca73097bd968b363b7145e86b64f3c595e533808b0763dc8863a27fc363cfa51	x86	18
venetium-150.0.7871.226-win-x86.zip	locales/sr_MASCULINE.pak	ca73097bd968b363b7145e86b64f3c595e533808b0763dc8863a27fc363cfa51	x86	18
venetium-150.0.7871.226-win-x86.zip	locales/sr_NEUTER.pak	ca73097bd968b363b7145e86b64f3c595e533808b0763dc8863a27fc363cfa51	x86	18
venetium-150.0.7871.226-win-x86.zip	locales/sv.pak	e51569b3ec5b8282870fb7c25de76efd048a98fc385ecd43562a08f348ad06f9	x86	649526
venetium-150.0.7871.226-win-x86.zip	locales/sv_FEMININE.pak	ca73097bd968b363b7145e86b64f3c595e533808b0763dc8863a27fc363cfa51	x86	18
venetium-150.0.7871.226-win-x86.zip	locales/sv_MASCULINE.pak	ca73097bd968b363b7145e86b64f3c595e533808b0763dc8863a27fc363cfa51	x86	18
venetium-150.0.7871.226-win-x86.zip	locales/sv_NEUTER.pak	ca73097bd968b363b7145e86b64f3c595e533808b0763dc8863a27fc363cfa51	x86	18
venetium-150.0.7871.226-win-x86.zip	locales/sw.pak	306b7bb5d32d1842ab7f10595bf12a78f7ed0f9233576d46a7d6bda91cad565a	x86	686805
venetium-150.0.7871.226-win-x86.zip	locales/sw_FEMININE.pak	ca73097bd968b363b7145e86b64f3c595e533808b0763dc8863a27fc363cfa51	x86	18
venetium-150.0.7871.226-win-x86.zip	locales/sw_MASCULINE.pak	ca73097bd968b363b7145e86b64f3c595e533808b0763dc8863a27fc363cfa51	x86	18
venetium-150.0.7871.226-win-x86.zip	locales/sw_NEUTER.pak	ca73097bd968b363b7145e86b64f3c595e533808b0763dc8863a27fc363cfa51	x86	18
venetium-150.0.7871.226-win-x86.zip	locales/ta.pak	fef7b7fdea83890041998616df5b039ccd3a488215248e31e6832c07abd08822	x86	1758571
venetium-150.0.7871.226-win-x86.zip	locales/ta_FEMININE.pak	ca73097bd968b363b7145e86b64f3c595e533808b0763dc8863a27fc363cfa51	x86	18
venetium-150.0.7871.226-win-x86.zip	locales/ta_MASCULINE.pak	ca73097bd968b363b7145e86b64f3c595e533808b0763dc8863a27fc363cfa51	x86	18
venetium-150.0.7871.226-win-x86.zip	locales/ta_NEUTER.pak	ca73097bd968b363b7145e86b64f3c595e533808b0763dc8863a27fc363cfa51	x86	18
venetium-150.0.7871.226-win-x86.zip	locales/te.pak	7aae7408528ef917ce3122234a55d6e723b2eaf4816ba9b603a9d88302aa8268	x86	1626079
venetium-150.0.7871.226-win-x86.zip	locales/te_FEMININE.pak	ca73097bd968b363b7145e86b64f3c595e533808b0763dc8863a27fc363cfa51	x86	18
venetium-150.0.7871.226-win-x86.zip	locales/te_MASCULINE.pak	ca73097bd968b363b7145e86b64f3c595e533808b0763dc8863a27fc363cfa51	x86	18
venetium-150.0.7871.226-win-x86.zip	locales/te_NEUTER.pak	ca73097bd968b363b7145e86b64f3c595e533808b0763dc8863a27fc363cfa51	x86	18
venetium-150.0.7871.226-win-x86.zip	locales/th.pak	bbe076e87a1c0e46b052f486d8d43550c40397b053fd3895567fe8fa8fc7cb7a	x86	1368306
venetium-150.0.7871.226-win-x86.zip	locales/th_FEMININE.pak	ca73097bd968b363b7145e86b64f3c595e533808b0763dc8863a27fc363cfa51	x86	18
venetium-150.0.7871.226-win-x86.zip	locales/th_MASCULINE.pak	ca73097bd968b363b7145e86b64f3c595e533808b0763dc8863a27fc363cfa51	x86	18
venetium-150.0.7871.226-win-x86.zip	locales/th_NEUTER.pak	ca73097bd968b363b7145e86b64f3c595e533808b0763dc8863a27fc363cfa51	x86	18
venetium-150.0.7871.226-win-x86.zip	locales/tr.pak	21e452209f717c7a5926d2cff2c711e5410c4452186d7db017aa50ae1b287218	x86	699413
venetium-150.0.7871.226-win-x86.zip	locales/tr_FEMININE.pak	ca73097bd968b363b7145e86b64f3c595e533808b0763dc8863a27fc363cfa51	x86	18
venetium-150.0.7871.226-win-x86.zip	locales/tr_MASCULINE.pak	ca73097bd968b363b7145e86b64f3c595e533808b0763dc8863a27fc363cfa51	x86	18
venetium-150.0.7871.226-win-x86.zip	locales/tr_NEUTER.pak	ca73097bd968b363b7145e86b64f3c595e533808b0763dc8863a27fc363cfa51	x86	18
venetium-150.0.7871.226-win-x86.zip	locales/uk.pak	4a8115e310e797f06e537a63f39c203da12563da533242617055a009880a4ec5	x86	1211711
venetium-150.0.7871.226-win-x86.zip	locales/uk_FEMININE.pak	ca73097bd968b363b7145e86b64f3c595e533808b0763dc8863a27fc363cfa51	x86	18
venetium-150.0.7871.226-win-x86.zip	locales/uk_MASCULINE.pak	ca73097bd968b363b7145e86b64f3c595e533808b0763dc8863a27fc363cfa51	x86	18
venetium-150.0.7871.226-win-x86.zip	locales/uk_NEUTER.pak	ca73097bd968b363b7145e86b64f3c595e533808b0763dc8863a27fc363cfa51	x86	18
venetium-150.0.7871.226-win-x86.zip	locales/ur.pak	4b579e07dd834d4fc2f9d7f29dfdc7b49250545fc5da3e002f28e65c3a26dd35	x86	1045536
venetium-150.0.7871.226-win-x86.zip	locales/ur_FEMININE.pak	ca73097bd968b363b7145e86b64f3c595e533808b0763dc8863a27fc363cfa51	x86	18
venetium-150.0.7871.226-win-x86.zip	locales/ur_MASCULINE.pak	ca73097bd968b363b7145e86b64f3c595e533808b0763dc8863a27fc363cfa51	x86	18
venetium-150.0.7871.226-win-x86.zip	locales/ur_NEUTER.pak	ca73097bd968b363b7145e86b64f3c595e533808b0763dc8863a27fc363cfa51	x86	18
venetium-150.0.7871.226-win-x86.zip	locales/vi.pak	3b0a6765eda0f5cd722ca8933c4f687d8872ebea77dcf3d263ca9176c016478c	x86	832192
venetium-150.0.7871.226-win-x86.zip	locales/vi_FEMININE.pak	ca73097bd968b363b7145e86b64f3c595e533808b0763dc8863a27fc363cfa51	x86	18
venetium-150.0.7871.226-win-x86.zip	locales/vi_MASCULINE.pak	ca73097bd968b363b7145e86b64f3c595e533808b0763dc8863a27fc363cfa51	x86	18
venetium-150.0.7871.226-win-x86.zip	locales/vi_NEUTER.pak	ca73097bd968b363b7145e86b64f3c595e533808b0763dc8863a27fc363cfa51	x86	18
venetium-150.0.7871.226-win-x86.zip	locales/zh-CN.pak	4f1248c5819c0dcc96bffc9a0bb1b890b8339b3fbfbef2a812271faf1bae82db	x86	594965
venetium-150.0.7871.226-win-x86.zip	locales/zh-CN_FEMININE.pak	ca73097bd968b363b7145e86b64f3c595e533808b0763dc8863a27fc363cfa51	x86	18
venetium-150.0.7871.226-win-x86.zip	locales/zh-CN_MASCULINE.pak	ca73097bd968b363b7145e86b64f3c595e533808b0763dc8863a27fc363cfa51	x86	18
venetium-150.0.7871.226-win-x86.zip	locales/zh-CN_NEUTER.pak	ca73097bd968b363b7145e86b64f3c595e533808b0763dc8863a27fc363cfa51	x86	18
venetium-150.0.7871.226-win-x86.zip	locales/zh-TW.pak	f7af6b6cf500539ba8381a965a15421009cd065597c21ba9efaf68f52025615e	x86	589277
venetium-150.0.7871.226-win-x86.zip	locales/zh-TW_FEMININE.pak	ca73097bd968b363b7145e86b64f3c595e533808b0763dc8863a27fc363cfa51	x86	18
venetium-150.0.7871.226-win-x86.zip	locales/zh-TW_MASCULINE.pak	ca73097bd968b363b7145e86b64f3c595e533808b0763dc8863a27fc363cfa51	x86	18
venetium-150.0.7871.226-win-x86.zip	locales/zh-TW_NEUTER.pak	ca73097bd968b363b7145e86b64f3c595e533808b0763dc8863a27fc363cfa51	x86	18
venetium-150.0.7871.226-win-x86.zip	Logo.png	eda7bca72e02c8de070ec4ca65ec8f0ff464859350aa387ca7bc18da0544baf8	x86	75233
venetium-150.0.7871.226-win-x86.zip	MEIPreload/manifest.json	44844cf3dde6e80087ae0e6bf0d9326d7ef7d23326d24ac83af0850be26923d2	x86	238
venetium-150.0.7871.226-win-x86.zip	MEIPreload/preloaded_data.pb	c6070a157b4e28d16fbccbd233e93846ddb070c85e1a1bc64469b7a5f1424fad	x86	8254
venetium-150.0.7871.226-win-x86.zip	notification_helper.exe	7ae7986987decfd0c4a0f4fbe93eb14ccdc7bcc5a7c9d042fe49c1e55ffbf584	x86	1202688
venetium-150.0.7871.226-win-x86.zip	PrivacySandboxAttestationsPreloaded/manifest.json	51c311a4ba03140bcd1c827f8d93dba50cadda736925903b26e95609275dbffd	x86	122
venetium-150.0.7871.226-win-x86.zip	PrivacySandboxAttestationsPreloaded/privacy-sandbox-attestations.dat	59e345dc13aedee9ea46b92e58300ecaca944aaea9384c7af885400ac2ae8806	x86	7624
venetium-150.0.7871.226-win-x86.zip	resources.pak	9513b21c9a8a09db71ba001fa68d30c7ab9fb026bb38c6afc001dd176af88604	x86	17282319
venetium-150.0.7871.226-win-x86.zip	SmallLogo.png	7ec1abb54d23004171588691e9b53ba68bb4591f5b980d88e70aa0fec41e958f	x86	25700
venetium-150.0.7871.226-win-x86.zip	v8_context_snapshot.bin	532029e9ee35354a4ae5fdcf6fa55ff0f2337dd93ea11bec4a3b5c8f2e5897fb	x86	730944
venetium-150.0.7871.226-win-x86.zip	venetium.exe	858033a537fdd9e2882fdfe4a21c6d579369c97527f07f00e1748f5034daed20	x86	2808320
venetium-150.0.7871.226-win-x86.zip	vk_swiftshader.dll	042d5db425ea0e31e9282615f57ca10cf268680e3954ce588f36b76a0adb5a4b	x86	4948480
venetium-150.0.7871.226-win-x86.zip	vk_swiftshader_icd.json	32d83ff113fef532a9f97e0d2831f8656628ab1c99e9060f0332b1532839afd9	x86	106
venetium-150.0.7871.226-win-x86.zip	vulkan-1.dll	4994a1765ba21490049165f108b6bb322b1076324627de61177d14ac4129f994	x86	883200
venetium-150.0.7871.226-win-arm32.zip	150.0.7871.226.manifest	0aae559c4e28f278866af1890e994d169a0224849bb8f60b6c4bed2df70180f6	arm32	228
venetium-150.0.7871.226-win-arm32.zip	chrome.dll	1e9be14abfa1c33a502a2875171e57ae462e5064874406f3dacd2ff3ed161f01	arm32	210158592
venetium-150.0.7871.226-win-arm32.zip	chrome_100_percent.pak	4d49d8771740ac3e96e1fc98830a8428bd342449ac4a0ad097e549547bbe1e8c	arm32	702794
venetium-150.0.7871.226-win-arm32.zip	chrome_200_percent.pak	87b18ff366bf17b1cdfe15ec09e3304ccb09835e5ff9af1f7c090a3a5457ea04	arm32	1228122
venetium-150.0.7871.226-win-arm32.zip	chrome_elf.dll	3e87c999f70f5a16e288b8fbe0a513628ab81dccdd6ea98e96ed1d6539d7d93f	arm32	903168
venetium-150.0.7871.226-win-arm32.zip	chrome_proxy.exe	8b5715e25da7a38d6d777b5b42d11301ef8a34db5bb69cef6fce0e5fb6520d5d	arm32	828928
venetium-150.0.7871.226-win-arm32.zip	chrome_pwa_launcher.exe	2dfd61e5548a37ba5c5cd0fc09644b3251cd1b3be812819fc78a52133b6a242f	arm32	1107456
venetium-150.0.7871.226-win-arm32.zip	chrome_wer.dll	16a8087620a555973621c3bd3fb62ad8abfafd78f65d81f6c2a99d900844418c	arm32	64512
venetium-150.0.7871.226-win-arm32.zip	d3dcompiler_47.dll	0b382d5c6c6a58bb87461cdc4527e73602c006ac17092014f1f78c8df76b5f7b	arm32	3024896
venetium-150.0.7871.226-win-arm32.zip	eventlog_provider.dll	6336f031877cc6b0a123aee8b31f56f7e54d657cd1d36bee57a8e8dd91cdca5f	arm32	5632
venetium-150.0.7871.226-win-arm32.zip	icudtl.dat	bd8c145abdf3f8383276ce01dfa4ae48709bef9fef1c0711eb7c3fab4f6eb7c2	arm32	10876560
venetium-150.0.7871.226-win-arm32.zip	IwaKeyDistribution/iwa-key-distribution.pb	683df233261ac7f711c1da97d709c11b601d23a99db5cdaa90bb354e4168c4a3	arm32	3014
venetium-150.0.7871.226-win-arm32.zip	IwaKeyDistribution/manifest.json	fde38b0ff178b7245e1979e0d158cd3c1fa973b5b8f7c33ccf8b46da90e93864	arm32	114
venetium-150.0.7871.226-win-arm32.zip	kit/canvas-webgl.html	3061d66d75f99a32a4d6e021ce28c9be9c236c76b6382f47114085c5bb9c9cdb	kit	67253
venetium-150.0.7871.226-win-arm32.zip	kit/data/canvas-webgl-golden.js	44ac075ac23328c3c0f8480fe9bc95eabf400d58c1e2b4d19aec851644d69f56	kit	539
venetium-150.0.7871.226-win-arm32.zip	kit/data/fonts-strings.js	4fbd503104496c3929c8ea6a5b65631f75258a2620ac43575a9adabf636da1ad	kit	35928
venetium-150.0.7871.226-win-arm32.zip	kit/data/images-broken.js	892eb348f1133e507bca9278b0a706141dda843bf8eaf45321c75b3fa8634335	kit	306258
venetium-150.0.7871.226-win-arm32.zip	kit/data/images-valid.js	9dbb903410f765589f7f11edc82385f09f06480b5ca5e1b5f2ed282c1b50cda6	kit	329591
venetium-150.0.7871.226-win-arm32.zip	kit/data/js-jit-expected.js	332f3074c7bb91205b81f6e477767ddbaf4bb57ed350206dacc05e46ab28c758	kit	1968
venetium-150.0.7871.226-win-arm32.zip	kit/data/media-aac-adts.js	99af3ee0eac9a980205bc61fc3380bdbc578747d25274fe9ff9122a3b0311b93	kit	65102
venetium-150.0.7871.226-win-arm32.zip	kit/data/media-aac.js	c7f2b6fea6a624cb6ed4608f5482fb9676c1d76a0081c25b1d723eae24d38aba	kit	96873
venetium-150.0.7871.226-win-arm32.zip	kit/data/media-av01.js	e3c890c559c7499a3059bd89e85b86708fc7c14cf620f32a2641e92b726f0227	kit	25258
venetium-150.0.7871.226-win-arm32.zip	kit/data/media-avc1-aac.js	88cbd402858da5447c06811a2858dc16eba200201f8179a7f37f3b0896811db9	kit	269114
venetium-150.0.7871.226-win-arm32.zip	kit/data/media-avc1.js	02e432cd0c775da28101e87a39b0df5a3b4608f0a5ebe13df967b4d37b8e7721	kit	954678
venetium-150.0.7871.226-win-arm32.zip	kit/data/media-flac-native.js	371a76b36ed73ccdd9acc218161ae916587143f0c4abc3133c75bc3dcc941ab3	kit	23473
venetium-150.0.7871.226-win-arm32.zip	kit/data/media-flac.js	51c9b21cb37d55afb5ae514c53c9d5d59f9e83748279bb07cdd0033142195ead	kit	288614
venetium-150.0.7871.226-win-arm32.zip	kit/data/media-hvc1.js	8f4bc28cecb5710d61884f196e5dce71cf775293cc0a52b248198c77a27edea0	kit	66462
venetium-150.0.7871.226-win-arm32.zip	kit/data/media-index.js	57791eb54074d6d61b0d8a4c8152c68d4c70226a892bc48de9dbf684d3fc734e	kit	5646
venetium-150.0.7871.226-win-arm32.zip	kit/data/media-mp3.js	bf078899c03438c40758caf28647ff6f0b46abd37f428b48c3201fc3f566e0e8	kit	116185
venetium-150.0.7871.226-win-arm32.zip	kit/data/media-opus.js	2c567a9b2cf65155840adbe7948d12c979552dd338acad4b805b77be5db3e461	kit	29922
venetium-150.0.7871.226-win-arm32.zip	kit/data/media-vorbis.js	97f05b362cd1e84dfbc0dcb9779ef60d69b47963c3fc713c089399d2f45894e1	kit	32116
venetium-150.0.7871.226-win-arm32.zip	kit/data/media-vp8.js	c7b49d4639ec9c6cdbdcb455761c44d2246787f5322b850bff898261bde3695c	kit	260825
venetium-150.0.7871.226-win-arm32.zip	kit/data/media-vp9.js	57db6f4abf8482270477fa411a08c732f4521b0bf4d145bed79e3a7c33f8ab85	kit	90065
venetium-150.0.7871.226-win-arm32.zip	kit/data/wasm-data.js	afb798eca9dbe84d30ede9b0511aac8e675e50569400bcf39810167664423d55	kit	221989
venetium-150.0.7871.226-win-arm32.zip	kit/diag/dbg-run.cmd	e31acec69863656771c575e34ee885400ecc74306dd474fed49f109e7905a0f6	kit	2356
venetium-150.0.7871.226-win-arm32.zip	kit/diag/DBGRUN-README.txt	a267cc3c7ff9edbadca689c992c28fcef2b3295845557c58d64a00fee16e8df1	kit	2605
venetium-150.0.7871.226-win-arm32.zip	kit/diag/dbgrun.exe	bffaa09c9a85ffcbaf16c22dafd11746fc945500b0b0a1ec2a2904ca59d3a2e3	kit	329728
venetium-150.0.7871.226-win-arm32.zip	kit/diag/log-run.cmd	7537746a6aa0a83e1b64fcdefd5e2e73ad557184b6ccf313d05b5316d3ab69ff	kit	3338
venetium-150.0.7871.226-win-arm32.zip	kit/diag/README.txt	a1f3eac05c4fbd31feea02c13f58aa6a003aef5a625241f78dc33d0f000fb251	kit	4249
venetium-150.0.7871.226-win-arm32.zip	kit/diag/run-probe.cmd	8e5d7e6ff9264a452b3ab61c98a2b03c67a9fe8e7c41bf7bbc476a4199a961da	kit	1069
venetium-150.0.7871.226-win-arm32.zip	kit/diag/sbxprobe.exe	55c5b1c3ba199dcea08af2d89e49ee4accdb7a6a085006119a3688e5f7e5780e	kit	380928
venetium-150.0.7871.226-win-arm32.zip	kit/fonts.html	6cd1abb28eb99998a95bfc2e494958f601c46ae074a1f4fc8ae9903195e30d3f	kit	24500
venetium-150.0.7871.226-win-arm32.zip	kit/images.html	a890b69c212def33bd244a91c4db3241bfc9841e967c1865ca2b9cad8ae3cc7b	kit	23328
venetium-150.0.7871.226-win-arm32.zip	kit/images/decode/broken/avif-bad-ispe.avif	18c8b0555c15c441c7fdc8bf7c2fe781c56987dd94256c94ce86aaa1e42ea2fb	kit	7069
venetium-150.0.7871.226-win-arm32.zip	kit/images/decode/broken/avif-bad-obu.avif	9ccaa039f9f0a842eaaa8f65344b12705929ddaa11e590a6e7cc0f15c8f498e1	kit	7069
venetium-150.0.7871.226-win-arm32.zip	kit/images/decode/broken/avif-trunc-meta.avif	1230a8c78a45c5c99c753214e84ab3ee28911d8ec4b6d28715097d3b22aaf80c	kit	150
venetium-150.0.7871.226-win-arm32.zip	kit/images/decode/broken/avif-trunc.avif	a66e637b0669083a184f7090e86f357b238b73de13d4fe0b0c6c5dcd4152fbcc	kit	3534
venetium-150.0.7871.226-win-arm32.zip	kit/images/decode/broken/bmp-bad-bpp.bmp	73a70b0aad7b1d62911e03033f6bc5a899d671bc5ce2e4e5cf088d59f56691d9	kit	9270
venetium-150.0.7871.226-win-arm32.zip	kit/images/decode/broken/bmp-huge-dims.bmp	f49e9ffdffa1561cc7a0bdac8bdd7e4e2c45d973e796a7e5789586e8f8892a2e	kit	9270
venetium-150.0.7871.226-win-arm32.zip	kit/images/decode/broken/bmp-trunc.bmp	2ffe22029c7954c3cdeb1303670802c8c7c466d02676047eee07b7a171ee933e	kit	3894
venetium-150.0.7871.226-win-arm32.zip	kit/images/decode/broken/gif-bad-code.gif	8cde94dc33ea27c5c431204977110d5fa8b9f27614c1efa7bacd96043d38dcb9	kit	1034
venetium-150.0.7871.226-win-arm32.zip	kit/images/decode/broken/gif-bad-initial-code.gif	2a1cd87ccf63158b10b0377e796baf4807b52d0f569b3ceeff0952f1ecb8a356	kit	362
venetium-150.0.7871.226-win-arm32.zip	kit/images/decode/broken/gif-bad-lzw-minsize.gif	56294cf0d8e3d2384948e81490b2a4cb74ecc6e272306b7638927642c9ea3baa	kit	1369
venetium-150.0.7871.226-win-arm32.zip	kit/images/decode/broken/gif-broken.gif	5a5bea95762640a2deb4220aa448319dcf5f28a87e5c68ac57c7e5a44108a09d	kit	906
venetium-150.0.7871.226-win-arm32.zip	kit/images/decode/broken/gif-trunc-header.gif	1f2853f34027669dacff08c023f9fbfb61022337e9387889c4f3fda6a6dc7f77	kit	9
venetium-150.0.7871.226-win-arm32.zip	kit/images/decode/broken/gif-trunc-lzw.gif	4ee9e19bf9302d160c7bcd57eac9ce3c6a7a8c816b7a9f3af711ea8fec5789ae	kit	720
venetium-150.0.7871.226-win-arm32.zip	kit/images/decode/broken/ico-bad-offset.ico	d2442003fb6f9462dd6ef666a9d189c561a6bcedf7c60c4e5469529a5f360771	kit	4286
venetium-150.0.7871.226-win-arm32.zip	kit/images/decode/broken/ico-trunc.ico	8ac124a44f79fee11136439596f67823bd62288077059464cde4969d78da5fc3	kit	2143
venetium-150.0.7871.226-win-arm32.zip	kit/images/decode/broken/jpeg-12bit.jpg	34790770f76db8e60a7765b52ca4edf5f16bc21bcb8c6045ca2efef39a8a013e	kit	12394
venetium-150.0.7871.226-win-arm32.zip	kit/images/decode/broken/jpeg-arithmetic.jpg	4672c7f08864cd0a8c73a4fa4b66ca32b635d38464551c1ecf06564ae8c89b38	kit	5126
venetium-150.0.7871.226-win-arm32.zip	kit/images/decode/broken/jpeg-badhuff-count.jpg	ca955a820150d17ea01b5d891741bf9f636940aaa30d73696d6b7360bd0d5da7	kit	5770
venetium-150.0.7871.226-win-arm32.zip	kit/images/decode/broken/jpeg-badhuff-kraft.jpg	66ae19ef80e15d1c56486eee6aae0ef4e8ac46403b07d16830be116aa783f6d1	kit	5770
venetium-150.0.7871.226-win-arm32.zip	kit/images/decode/broken/jpeg-badhuff-symbol.jpg	d9bcc86a2f5468dd5226f4c13843421d503f2bfd76082307d97763573f2a6c8b	kit	5770
venetium-150.0.7871.226-win-arm32.zip	kit/images/decode/broken/jpeg-badmarker-dqt-index.jpg	1ade2984c18ce68108b75c1cd7673155086478f22506a4e166e9c0da734b84d7	kit	5770
venetium-150.0.7871.226-win-arm32.zip	kit/images/decode/broken/jpeg-badmarker-seglen.jpg	bcce877e4d6388199e17ba5c0f6e130eea19d2e2401d32b35b16aec627e7d6ab	kit	5770
venetium-150.0.7871.226-win-arm32.zip	kit/images/decode/broken/jpeg-badmarker-sof-components.jpg	a9f3a0c9b044695908aa856b3767ba15f678ed9ea67e5879ef496bcb066117e1	kit	5770
venetium-150.0.7871.226-win-arm32.zip	kit/images/decode/broken/jpeg-badmarker-sof5.jpg	20ae0c11eae8393d9676589c071f6633762be4dcf043d6ca4b7676d9ec2cd879	kit	5770
venetium-150.0.7871.226-win-arm32.zip	kit/images/decode/broken/jpeg-badmarker-sos.jpg	fa50b806e68d0fafa757228b40e9a123e49c2682d016a5e818d13733cb823d18	kit	5770
venetium-150.0.7871.226-win-arm32.zip	kit/images/decode/broken/jpeg-badmarker-unknown.jpg	58fbfe6bfe8999f839e84137f1df72c5d3f5af2d7f74f8be8ff2dca52bb48568	kit	5772
venetium-150.0.7871.226-win-arm32.zip	kit/images/decode/broken/jpeg-many-scans.jpg	4751127290216c716ab0d823802d424b9e752e2cffecc7a3b61c8c83ce3bce91	kit	4477
venetium-150.0.7871.226-win-arm32.zip	kit/images/decode/broken/jpeg-prog-badhuff-midstream.jpg	e480069972dd47e487e2949f221ac9a8df50d8bd29d6e8840e367b849fc4e2c7	kit	5645
venetium-150.0.7871.226-win-arm32.zip	kit/images/decode/broken/jpeg-prog-badmarker-midstream.jpg	4a5803329b917109f293e110cad0999596bbb288359b84f77f9e9b93fd240e5b	kit	5647
venetium-150.0.7871.226-win-arm32.zip	kit/images/decode/broken/jpeg-prog-trunc.jpg	398cf2dd418ddeb0cb9512a30e6011f817cc06e864e6228f6bdfe22558bc2a8f	kit	2250
venetium-150.0.7871.226-win-arm32.zip	kit/images/decode/broken/jpeg-trunc-header.jpg	e4c702294c56f5b27981d209bc473129ffb6f6b5d843df20034cf50217bf455b	kit	197
venetium-150.0.7871.226-win-arm32.zip	kit/images/decode/broken/jpeg-trunc-scan-early.jpg	fe94890c06ed464e80be27b9b3e6567eb6381d172dc5d4b178bac00bb5789b74	kit	663
venetium-150.0.7871.226-win-arm32.zip	kit/images/decode/broken/jpeg-trunc-scan.jpg	1ffac45cc84adb7fce4ddf446fe0ebd4259f8207a995899c27664cfe3de9c85e	kit	3195
venetium-150.0.7871.226-win-arm32.zip	kit/images/decode/broken/png-actl-num-frames-0.png	804c8f568ef56a1f77d99acad0cfe31b32b0a4d718de8e202c7ac56787741afd	kit	351
venetium-150.0.7871.226-win-arm32.zip	kit/images/decode/broken/png-apng-with-malformed-2nd-frame.png	a7d5beaf9b75b3417a93029419efae7f1b92fcfc1a3d55be282b178cb43bff7c	kit	617
venetium-150.0.7871.226-win-arm32.zip	kit/images/decode/broken/png-bad-filter.png	bddd9d5e139ce8ec319933b9b4c7c2146360e74c6d37d5d9b5fba053b8ab6d29	kit	3531
venetium-150.0.7871.226-win-arm32.zip	kit/images/decode/broken/png-bad-zlib.png	236aef7600ebe6519aafbd46825799280177f008e02fc988c5fc7f58a01f86b6	kit	3530
venetium-150.0.7871.226-win-arm32.zip	kit/images/decode/broken/png-crc-idat-first.png	3fcf7b5f20b2c7ef298ef4b9cdab7d55627d1b7517ada6ddf06d12f61d776271	kit	3578
venetium-150.0.7871.226-win-arm32.zip	kit/images/decode/broken/png-crc-idat-last.png	3a2693c409eb2e6011a0d39280ceba640226da0702ced1ef93329400a68c4412	kit	3578
venetium-150.0.7871.226-win-arm32.zip	kit/images/decode/broken/png-crc-ihdr.png	34614b003018e4e2d5c3047f17ad30469c0500bbada41b392cfb336e3d716904	kit	3530
venetium-150.0.7871.226-win-arm32.zip	kit/images/decode/broken/png-critical-before-ihdr.png	3469954e77fdb0fde1931ebeb09be28c95acfab3d4324708d50d9023edf55813	kit	110
venetium-150.0.7871.226-win-arm32.zip	kit/images/decode/broken/png-huge-dims.png	89baf222c4825e6a911e6434306b70086038ee3e8fdc6361423da10618ae5d41	kit	3530
venetium-150.0.7871.226-win-arm32.zip	kit/images/decode/broken/png-plte-weirdness.png	75a55e45470325e9a53ae29e4455137442510361a9e4c8e58977a8e9848c5357	kit	274
venetium-150.0.7871.226-win-arm32.zip	kit/images/decode/broken/png-trunc-header.png	0152a609bddce19ca6ea23719eb441c3f4f9deb04527fbc025dbcb0ad352a63f	kit	20
venetium-150.0.7871.226-win-arm32.zip	kit/images/decode/broken/png-trunc-idat.png	723529548cd101e931b3bcdd8bb93688b32bb8d8c02db8bf33086657d20ca20b	kit	1777
venetium-150.0.7871.226-win-arm32.zip	kit/images/decode/broken/webp-anim-trunc.webp	e5dc9981d69744f920b65b2ec23e2b4642a521d0d06df8d0af9d362c06c20946	kit	8216
venetium-150.0.7871.226-win-arm32.zip	kit/images/decode/broken/webp-bad-backref.webp	eb1d655ed6f8d1c67d64be99062bfd818ed7cc91859cccf4765faad3380189f2	kit	6922
venetium-150.0.7871.226-win-arm32.zip	kit/images/decode/broken/webp-bad-cache-bits.webp	a902d3f0c624a95cb5fc05c7fce1da148226c67a1a7b76d64e3ab9ffd6662072	kit	6910
venetium-150.0.7871.226-win-arm32.zip	kit/images/decode/broken/webp-bad-vp8-startcode.webp	065d24a9d37c7485295963a7debb23dcd860d7b31940d823fe1995869c0fff8e	kit	4880
venetium-150.0.7871.226-win-arm32.zip	kit/images/decode/broken/webp-bad-vp8l-signature.webp	1f69f8bd6eb9f47b3c0ef186d33fc25ea096e1f4b80775faea619aae3871cb21	kit	308
venetium-150.0.7871.226-win-arm32.zip	kit/images/decode/broken/webp-bad-vp8l-version.webp	be4b8121873ee5f5ccafbd5e96f920d7ad257390969ac1731832c324bbbd74bb	kit	6908
venetium-150.0.7871.226-win-arm32.zip	kit/images/decode/broken/webp-corrupt-vp8l-codes.webp	bdc5e49d5f69fbaee61b7a5aaed5d74619cfdcd6bd3dd43bf717ac46af13451a	kit	6810
venetium-150.0.7871.226-win-arm32.zip	kit/images/decode/broken/webp-trunc-lossless.webp	3c6d26e6d312635b452d080f775dc77ec829e8191fc65c6b8d4a491d2c786c78	kit	3405
venetium-150.0.7871.226-win-arm32.zip	kit/images/decode/broken/webp-trunc-lossy.webp	a098d587c2a731b81b0ecf75f857f09122c419d5ae5c733a106c9b2d4349ea88	kit	2928
venetium-150.0.7871.226-win-arm32.zip	kit/images/decode/broken/webp-trunc-vp8l-meta.webp	4e31ac9f29ab6a05924f3a5d1e2706aa3be5a3a3428c6b7e6820b0c2368dfad9	kit	2093
venetium-150.0.7871.226-win-arm32.zip	kit/images/decode/valid/apng-anim.png	4073bbe2f38c796f02d4e2dc1873f967f533b455ff080b390b3f692f589aca5a	kit	786
venetium-150.0.7871.226-win-arm32.zip	kit/images/decode/valid/avif-10bit.avif	2514965a6fdaabfd0d71785773e1edf3667529da894d551db67b314a2207ef9c	kit	13206
venetium-150.0.7871.226-win-arm32.zip	kit/images/decode/valid/avif-8bit-icc.avif	961bc38b61e60b7651fa20efa24269ae2f35e4958822a81c908c9bbf9b3f66e1	kit	21132
venetium-150.0.7871.226-win-arm32.zip	kit/images/decode/valid/avif-8bit.avif	e1edd862be32d911d8da7b02fd414b1ccebd44afa5523a84818cc008a6899be1	kit	7069
venetium-150.0.7871.226-win-arm32.zip	kit/images/decode/valid/bmp-24-topdown.bmp	81989bc9894f36035e6b1922d4fb6735c5fd8ec1a2413014a42e6043f7d550e4	kit	9270
venetium-150.0.7871.226-win-arm32.zip	kit/images/decode/valid/bmp-24.bmp	b8b2abf965e990b82cc04c11009382f02485f16e9382bf7c826f28f3bb248272	kit	9270
venetium-150.0.7871.226-win-arm32.zip	kit/images/decode/valid/bmp-32.bmp	24985f4e9e2ae7c0316e7b0a830451cc20373ad425b0f069bf668df60316e975	kit	12342
venetium-150.0.7871.226-win-arm32.zip	kit/images/decode/valid/bmp-4-palette.bmp	f7c9974035ebf918eb4d75ec4d189342d310b256e322bf9396e5827967744909	kit	1654
venetium-150.0.7871.226-win-arm32.zip	kit/images/decode/valid/bmp-8-palette.bmp	d4ff7386c6e57ba010be8a1fdfe58a610013d95d9f63c605ebce068750a975de	kit	3926
venetium-150.0.7871.226-win-arm32.zip	kit/images/decode/valid/bmp-rle8.bmp	8750cb7dadc231d3a3813de7e32811f21384bd2049fa2696b03f2eb92603830c	kit	1234
venetium-150.0.7871.226-win-arm32.zip	kit/images/decode/valid/gif-anim-3frames.gif	111aa764afd4453cef8baf5774e1cf124cc9f13e879994caba2c3c6ca09d27fe	kit	353
venetium-150.0.7871.226-win-arm32.zip	kit/images/decode/valid/gif-interlaced.gif	9b67513c09c804ca3d4d9b8b152e0d29523be006025bd08bcf25b0113aa22a0f	kit	1391
venetium-150.0.7871.226-win-arm32.zip	kit/images/decode/valid/gif-static.gif	fe00f8438bf77a7986f003b778ce5785fcb7e52b1e7a56e60956a7e1c1fee5c0	kit	1369
venetium-150.0.7871.226-win-arm32.zip	kit/images/decode/valid/gif-transparent.gif	6426ecf5f532e1e4fdb0c48c1c91f488a110ca02b67b56ee55b8e68002dd4e83	kit	1377
venetium-150.0.7871.226-win-arm32.zip	kit/images/decode/valid/ico-bmp32.ico	44b011a0edbc48624b45287942d841e4ac5ea76df2b09250e4222c7d33231f51	kit	4286
venetium-150.0.7871.226-win-arm32.zip	kit/images/decode/valid/ico-bmp4-mask.ico	96abed30804e62dcd67bdf200496a4a885b19e6573911f8fbb1fa65eb4b054b2	kit	766
venetium-150.0.7871.226-win-arm32.zip	kit/images/decode/valid/ico-multi.ico	3eed75827c7eca1a964db9d5c8ba54e26d2cff55acfb5241c244e356705cd990	kit	3067
venetium-150.0.7871.226-win-arm32.zip	kit/images/decode/valid/ico-png.ico	6c5a1d9b1bb18f08fafc92336950852a1e8fc5dea1a39a9469c205499a7c4277	kit	1923
venetium-150.0.7871.226-win-arm32.zip	kit/images/decode/valid/jpeg-3x2-ifast-prog.jpg	aff4efb205fa7cd2a9a8fd186ed8e50a773fb97de379e67564358b5beccf7666	kit	5335
venetium-150.0.7871.226-win-arm32.zip	kit/images/decode/valid/jpeg-420-islow-prog.jpg	5218f80def34c0740ea4aa3625ac9320aa3b47bbc9c4e40801cb049325d0c67b	kit	5645
venetium-150.0.7871.226-win-arm32.zip	kit/images/decode/valid/jpeg-422-ifast-opt.jpg	ca5432f594cfa4477525842929641da0c67161ac9a276b82cab233ff79026cc5	kit	5928
venetium-150.0.7871.226-win-arm32.zip	kit/images/decode/valid/jpeg-444-islow.jpg	c07bd7a4d003f922f008080bde6f7f0dfeabf797cffd879102e9fa52d397ce24	kit	7073
venetium-150.0.7871.226-win-arm32.zip	kit/images/decode/valid/jpeg-baseline-420.jpg	acc6ec555d41d15b368320edaa3b20958ee6fa97cb6e4a18d1213d5ae8bec73b	kit	5770
venetium-150.0.7871.226-win-arm32.zip	kit/images/decode/valid/jpeg-gray-islow.jpg	b39ba716128c02501db3e461d025d76225f7b68710e41227fead5389a3e2288f	kit	4333
venetium-150.0.7871.226-win-arm32.zip	kit/images/decode/valid/png-gray8.png	a93d2de9383f0d1573d1105e59aaff7da9ef003e5edde47537b113c2447bb03f	kit	494
venetium-150.0.7871.226-win-arm32.zip	kit/images/decode/valid/png-graya8.png	5b0bd57d98fef5761d29d600e25cde3ce002dd195e4dba79013c27f2dc615115	kit	1070
venetium-150.0.7871.226-win-arm32.zip	kit/images/decode/valid/png-pal1-adam7.png	5672152a644b7e1cb145b0330dfb17a830d849873728f746e472a8ae2bfdb4fe	kit	266
venetium-150.0.7871.226-win-arm32.zip	kit/images/decode/valid/png-pal4.png	7d57659f52da9fdb8240394eabd6cf497b171f43334fcca433f175229d0b7a83	kit	580
venetium-150.0.7871.226-win-arm32.zip	kit/images/decode/valid/png-pal8-trns.png	c18fdfc2a55df677e39cb317572f1f5d915a67ef3390e4a18d118744aab9499c	kit	2045
venetium-150.0.7871.226-win-arm32.zip	kit/images/decode/valid/png-rgb16.png	a834111b62cd413394593a133338a67c3dab2d942a641793c6f8496f268ae00b	kit	5131
venetium-150.0.7871.226-win-arm32.zip	kit/images/decode/valid/png-rgb8-adam7.png	9aa3fb7d23b807cc8c5612f02034df7b76df8ef29bd9a03b6fee2daac2bafc87	kit	4288
venetium-150.0.7871.226-win-arm32.zip	kit/images/decode/valid/png-rgb8-multi-idat.png	2be69ef62957b1c704a6cfc1a62cd22d15511b37d4e6605e09c96c62ce2f9daf	kit	3578
venetium-150.0.7871.226-win-arm32.zip	kit/images/decode/valid/png-rgb8.png	60493146671d27a42216b9bf326c6aef34562399502d715c254c0e5a72fc2e40	kit	3530
venetium-150.0.7871.226-win-arm32.zip	kit/images/decode/valid/png-rgba8.png	5fac88e576c75155268060edc11e2460f889cbd11a79e1f97269eafd6ed3cd4c	kit	3659
venetium-150.0.7871.226-win-arm32.zip	kit/images/decode/valid/rand-bmp.bmp	d9cc5fff9e8e351727ad4519236ae46eaf37f8007dad5cdb8619fcd67ec68903	kit	246
venetium-150.0.7871.226-win-arm32.zip	kit/images/decode/valid/rand-gif.gif	7c02d37b86b48219047d40a2892c6a477474fc59e2a0fae70d6a98d0bc245deb	kit	277
venetium-150.0.7871.226-win-arm32.zip	kit/images/decode/valid/rand-png.png	649dcee3b94836bbc20ae49ac93fc4fdcb3e19bd47e1939bac3e3a8ec9db73da	kit	268
venetium-150.0.7871.226-win-arm32.zip	kit/images/decode/valid/rand-webp.webp	24836d28a13d961bf458e0b379bb37fc1a408077c9e0cb617347004a274baf8c	kit	308
venetium-150.0.7871.226-win-arm32.zip	kit/images/decode/valid/webp-ll-allmodes.webp	b505286c959cb4fb19cfd1a0cc5713e64ed4897335ae87928a6a91ef7103a8d6	kit	6098
venetium-150.0.7871.226-win-arm32.zip	kit/images/decode/valid/webp-ll-anim.webp	b541281bea2c3d719c9c77968d0ad9263213728ce378a50bcb5760d8488ea88f	kit	11738
venetium-150.0.7871.226-win-arm32.zip	kit/images/decode/valid/webp-ll-cache-lz77-meta.webp	e854ca99cd6c1b3b16a27cc182228a2aad8064bbda1fe37fde90d8f282224c9a	kit	3806
venetium-150.0.7871.226-win-arm32.zip	kit/images/decode/valid/webp-ll-cache11-lz77.webp	05482f55552d6fe2517ea7e239ecd97518344005e104b8f97e333336ff904496	kit	5814
venetium-150.0.7871.226-win-arm32.zip	kit/images/decode/valid/webp-ll-literal.webp	ea2589d816158f68942fc94ed9cacf911105262ce16af05c66902aa55b6d8270	kit	5874
venetium-150.0.7871.226-win-arm32.zip	kit/images/decode/valid/webp-ll-palette16.webp	e89c718170acd680287d9b26bb4bceda25ca626f0c6a390cd0b738de6b315736	kit	1232
venetium-150.0.7871.226-win-arm32.zip	kit/images/decode/valid/webp-ll-palette2-alpha.webp	01499aea5e8849777042508e68e3fb5b42af5302e1f557d25ec04a921f9eb7a6	kit	184
venetium-150.0.7871.226-win-arm32.zip	kit/images/decode/valid/webp-ll-palette200-predict.webp	c596acf0bc486a833573098537e2e2bed1ebd28235ac457f7089ff297a1e3ba4	kit	2118
venetium-150.0.7871.226-win-arm32.zip	kit/images/decode/valid/webp-ll-palette4.webp	21cb495601b711416807452ffdc829fa608fec3d692acceace7c6fc509593806	kit	448
venetium-150.0.7871.226-win-arm32.zip	kit/images/decode/valid/webp-ll-transforms.webp	90e47d0fdddf31a6fe06912ff7984098bac2fab52f2cef8e5e23b8116d4010eb	kit	5792
venetium-150.0.7871.226-win-arm32.zip	kit/images/decode/valid/webp-lossy.webp	1bf9449d529b491c6eb22ec84d42217e43cf9af0ffe391fa7a30b29b037f098a	kit	4880
venetium-150.0.7871.226-win-arm32.zip	kit/images/decode/valid/wheel-avif.avif	ea44252e10e5dfd14b3ab103ccfb58e9d2b698c166da055eeb54822453f2d4a4	kit	5488
venetium-150.0.7871.226-win-arm32.zip	kit/images/decode/valid/wheel-gif.gif	2b7b70f98476b56cf4de4f2c87986c300a7bdf516787b981657237ed4260cabb	kit	5008
venetium-150.0.7871.226-win-arm32.zip	kit/images/decode/valid/wheel-png.png	34e950720e40bce7229946d503a92f227cdc172997b2d9e9b6c5fb4019cf2ead	kit	9161
venetium-150.0.7871.226-win-arm32.zip	kit/images/decode/valid/wheel-webp.webp	7c45be95136b63eb886b9f2089e1ff83de4fc1810a6ff588b7e642bed762e999	kit	6810
venetium-150.0.7871.226-win-arm32.zip	kit/index.html	8f6ce4084304acd77e9fb784b01afaf186fa07b156d9a81c7b6fda5b62731078	kit	5655
venetium-150.0.7871.226-win-arm32.zip	kit/js-f1.html	3ef0d5487bbefaf0917c84fe2ac5fadcf8f4e4f2c62e9c387e5600490d9182a0	kit	1746
venetium-150.0.7871.226-win-arm32.zip	kit/js-jit.html	6465123f757e96a9498f5be7f85e1e1acde4c80752d3e4d9da20d587344f7f8b	kit	20965
venetium-150.0.7871.226-win-arm32.zip	kit/launchers/default.cmd	7ce1d45f0a0b03e308cb27876bb94058338307459e4a47560b7e89245c12c322	kit	1024
venetium-150.0.7871.226-win-arm32.zip	kit/launchers/ignition.cmd	8027c8a1e5cdadf87d9594f797db41a64356d09a304f9b6e27d8e64d1c04d778	kit	1153
venetium-150.0.7871.226-win-arm32.zip	kit/launchers/jitless.cmd	fe7b8cf84edcf4c7bf618ce6d98be81c40e5b32b99da5d57592aa15116ec273d	kit	1087
venetium-150.0.7871.226-win-arm32.zip	kit/launchers/liftoff-only.cmd	254840ab508edb36e20f0bd4fad77328a302f866d8abe462712726aa80f188ff	kit	1117
venetium-150.0.7871.226-win-arm32.zip	kit/launchers/maglev-caller.cmd	cd5bce38eebadffb5680a4b87184dab95a981032c54acc5651cfd5f51efbcafe	kit	1133
venetium-150.0.7871.226-win-arm32.zip	kit/launchers/maglev.cmd	da2f6504974c9dd13a0a35bd7bf8aceb80036978da3f81056fbdcfd2c4372529	kit	1063
venetium-150.0.7871.226-win-arm32.zip	kit/launchers/no-liftoff.cmd	c3667d38b494a0369c6a3ab1ddc4c8ee5779488a79892973e8899c8dd625d6d2	kit	1105
venetium-150.0.7871.226-win-arm32.zip	kit/launchers/sparkplug.cmd	fe5200bc44cb708211c9b9f77c1ad4f1c513dba13041d682a762f0936a058506	kit	1165
venetium-150.0.7871.226-win-arm32.zip	kit/launchers/turbofan-caller.cmd	c946a8ae1f4511f2c85de7ee6ab0274a12ca666ee0cc1a24a945726f6cc22bad	kit	1163
venetium-150.0.7871.226-win-arm32.zip	kit/launchers/turbofan.cmd	a475892bf469477b4b5971ef1e37a947b11b06d703c10b1783df89390504a522	kit	1071
venetium-150.0.7871.226-win-arm32.zip	kit/lib/build.js	5d7071e8ce93efa3be06a47bd175fbff157ae925b0b657a558513810566991b6	kit	539
venetium-150.0.7871.226-win-arm32.zip	kit/lib/canvas-webgl-model.js	f6d096b6e4d9f2cacb2e39bb8b170c69f8270910701e30188b94eb1bdd9672e9	kit	9989
venetium-150.0.7871.226-win-arm32.zip	kit/lib/configs.js	81e82bcc8b52e56cd42e96d2cc10a471a1b7bdded4864c4f5d49dc366078d047	kit	2495
venetium-150.0.7871.226-win-arm32.zip	kit/lib/images-lib.js	f0a61b3489252a0489cf43d3a332c1717844ef8e1625d36be24dba136992b534	kit	7712
venetium-150.0.7871.226-win-arm32.zip	kit/lib/js-f1-host.js	abcd7faca3b6dbf1d20fff40c2a2195ea309453801900e95c93653e49dc1de8d	kit	18683
venetium-150.0.7871.226-win-arm32.zip	kit/lib/js-f1-natives.js	09bda5c90fcbc54debb44a9fb5ee6fd8680821f2d3ae7770cf273b9ee9ddebd4	kit	2253
venetium-150.0.7871.226-win-arm32.zip	kit/lib/js-f1-probe.js	0360cb4a411e17b796dc7d66db01f785f3e7e05a475f971f158d6c7e67bd1eb3	kit	6585
venetium-150.0.7871.226-win-arm32.zip	kit/lib/js-jit-core.js	5466ddfbebc83aa0bd3d9985c519b44b4cfe9779981b46e7b2528c8e7b826c1c	kit	4837
venetium-150.0.7871.226-win-arm32.zip	kit/lib/js-jit-force-maglev.js	ccd1b653db97c35ba50956f1cfbde47c85d13abc7bd48f8580bb893fb7862aaa	kit	668
venetium-150.0.7871.226-win-arm32.zip	kit/lib/js-jit-force.js	03b2bb23b648d82b97d4e111252f560ef4647def1884269d371133af887d5405	kit	450
venetium-150.0.7871.226-win-arm32.zip	kit/lib/js-jit-probe.js	8d27f03feac31de1104ebc90aa2cc4c2e2ac3f7e76819545ac76e9d8b0f25bfe	kit	657
venetium-150.0.7871.226-win-arm32.zip	kit/lib/js-jit-status.js	1908af054f6220593aa468bf5f710bd0de814da1577079c9e4c644dad13c4cd0	kit	534
venetium-150.0.7871.226-win-arm32.zip	kit/lib/kit.js	abe0a3d552ef8eb8f5a318c7eea89142882dc5e1c3311f3c215086a6431f0ec6	kit	8137
venetium-150.0.7871.226-win-arm32.zip	kit/lib/media-wav.js	432c2e8b18b84707fb8b14fe1cbe5cb70399a83fb254fba1f83368623588bd93	kit	1435
venetium-150.0.7871.226-win-arm32.zip	kit/lib/wasm-asm.js	dff58d6e7d1aab5f7d9787ada33b932709d18bf7f9414bbf722a90c898f23e86	kit	2413
venetium-150.0.7871.226-win-arm32.zip	kit/lib/wasm-cases.js	061c819e90fb67fd80f45d76ad04ebfd824d6d75482dfe3a8f1ac2f5d551d715	kit	13248
venetium-150.0.7871.226-win-arm32.zip	kit/lib/wasm-tier.js	3bff5ad45218945ec8100df37b6a45f3676bfa40ec84d874e34572fd429363ce	kit	1221
venetium-150.0.7871.226-win-arm32.zip	kit/MANIFEST.tsv	c6ba7f4157c8bcd61e00a6b6a7fb1d9c049ce450750d1fb87a9157a64c358a1a	kit	50356
venetium-150.0.7871.226-win-arm32.zip	kit/manifest/canvas-webgl.tsv	a83c9ab145bf3fd2156b4c2549f073b5bf17ff667690c7231cb827ab4e9f0ef0	kit	1303
venetium-150.0.7871.226-win-arm32.zip	kit/manifest/fonts.tsv	0f4a721704792be362255748a04f36c70c94eacdf24dbd34b0d482148a13d3e7	kit	1542
venetium-150.0.7871.226-win-arm32.zip	kit/manifest/images.tsv	af0f3b45ead6ca39884240a4ea92460e33bc59d21a239613b1dad95dbee394c0	kit	26380
venetium-150.0.7871.226-win-arm32.zip	kit/manifest/js-f1.tsv	35d230cf055222465973a731ab9f59ccebe42d0a6a6f9613cad56f1827db292a	kit	1486
venetium-150.0.7871.226-win-arm32.zip	kit/manifest/js-jit.tsv	ab4fb610aa25c92c02becc239af036a4aaff2c8d7053d66ff1789ecbfa729bd0	kit	2402
venetium-150.0.7871.226-win-arm32.zip	kit/manifest/media.tsv	b9986a936ead383369476108e16a024fd579504636c2d73af97fbf23a3ee9746	kit	7338
venetium-150.0.7871.226-win-arm32.zip	kit/manifest/storage.tsv	57d417f71c3a59d8c1708f1da6b7edce9a42853dc69303b81014cef363ef1601	kit	420
venetium-150.0.7871.226-win-arm32.zip	kit/manifest/wasm.tsv	432f669e384e4c403327598ce46e44f472152d7e1ae386c6cbd99360595860c0	kit	3025
venetium-150.0.7871.226-win-arm32.zip	kit/manifest/webrtc.tsv	8ef16ef1bf8bcc901c0432edcff671a624c28315c1cffbb3b84b40c585f448ab	kit	510
venetium-150.0.7871.226-win-arm32.zip	kit/media.html	4a345c6fbcbad3a834bbff386f2ddfcdb838090263a3009df0bce7e3846ed474	kit	28146
venetium-150.0.7871.226-win-arm32.zip	kit/media/wasm-ext.wasm	d8a0d11b6751ff2380b714cc1557d6b8b6e70154fd6334000cc3cb78bef0624d	kit	4276
venetium-150.0.7871.226-win-arm32.zip	kit/media/wasm-s10.wasm	39b2afb660fd2e766bb5b936a0053fac40c5993067ff1551cacae400436b2b11	kit	134
venetium-150.0.7871.226-win-arm32.zip	kit/README.md	a57cb89f1b675daf0d385fb7dcfbf48deb8ba5fc4f69879653b0b7ea66ca637d	kit	9023
venetium-150.0.7871.226-win-arm32.zip	kit/storage.html	3060ce2acb8c567af45c8758b9c3639bb45f19eddbdbf1e667f904c81b0cb418	kit	12077
venetium-150.0.7871.226-win-arm32.zip	kit/wasm.html	03687b1bf0fdb5bdec8adabed0320753ad256a4001462965ea220042ee10e932	kit	35005
venetium-150.0.7871.226-win-arm32.zip	kit/webrtc.html	7bf28c68908f5f4b33dfce5e949fe1019862ba733886b88859c7019659504087	kit	35658
venetium-150.0.7871.226-win-arm32.zip	libEGL.dll	5e24ffe10f1cda62dc95d96bd879e55dc3468e97c7ebd7fcc2f7fd65ff0422c3	arm32	340992
venetium-150.0.7871.226-win-arm32.zip	libGLESv2.dll	86495dae12d19f1821d4cdb95bdceda12625354add514fcc3867c29c126ae9bc	arm32	4162560
venetium-150.0.7871.226-win-arm32.zip	locales/af.pak	ad961d3ac8a2d9a1e0f0b12d6d88120d7a0fc8742db415e8d6f924881a5c3e23	arm32	638570
venetium-150.0.7871.226-win-arm32.zip	locales/af_FEMININE.pak	ca73097bd968b363b7145e86b64f3c595e533808b0763dc8863a27fc363cfa51	arm32	18
venetium-150.0.7871.226-win-arm32.zip	locales/af_MASCULINE.pak	ca73097bd968b363b7145e86b64f3c595e533808b0763dc8863a27fc363cfa51	arm32	18
venetium-150.0.7871.226-win-arm32.zip	locales/af_NEUTER.pak	ca73097bd968b363b7145e86b64f3c595e533808b0763dc8863a27fc363cfa51	arm32	18
venetium-150.0.7871.226-win-arm32.zip	locales/am.pak	d2744709ef8e3a83f922b12ea3b72b54b7ed56bde5bec9913bda377d47ffac22	arm32	1031402
venetium-150.0.7871.226-win-arm32.zip	locales/am_FEMININE.pak	ca73097bd968b363b7145e86b64f3c595e533808b0763dc8863a27fc363cfa51	arm32	18
venetium-150.0.7871.226-win-arm32.zip	locales/am_MASCULINE.pak	ca73097bd968b363b7145e86b64f3c595e533808b0763dc8863a27fc363cfa51	arm32	18
venetium-150.0.7871.226-win-arm32.zip	locales/am_NEUTER.pak	ca73097bd968b363b7145e86b64f3c595e533808b0763dc8863a27fc363cfa51	arm32	18
venetium-150.0.7871.226-win-arm32.zip	locales/ar-XB.pak	13df22aa4d5cc3ad7828c7c6af3fab0fec3c40bd0432b33c18f613cf2bed6d34	arm32	1046749
venetium-150.0.7871.226-win-arm32.zip	locales/ar-XB_FEMININE.pak	ca73097bd968b363b7145e86b64f3c595e533808b0763dc8863a27fc363cfa51	arm32	18
venetium-150.0.7871.226-win-arm32.zip	locales/ar-XB_MASCULINE.pak	ca73097bd968b363b7145e86b64f3c595e533808b0763dc8863a27fc363cfa51	arm32	18
venetium-150.0.7871.226-win-arm32.zip	locales/ar-XB_NEUTER.pak	ca73097bd968b363b7145e86b64f3c595e533808b0763dc8863a27fc363cfa51	arm32	18
venetium-150.0.7871.226-win-arm32.zip	locales/ar.pak	4316e9e265a786791588f7c4798e808f3ef4302ec74a4ca9b87e682c5c77ead1	arm32	1140246
venetium-150.0.7871.226-win-arm32.zip	locales/ar_FEMININE.pak	ca73097bd968b363b7145e86b64f3c595e533808b0763dc8863a27fc363cfa51	arm32	18
venetium-150.0.7871.226-win-arm32.zip	locales/ar_MASCULINE.pak	ca73097bd968b363b7145e86b64f3c595e533808b0763dc8863a27fc363cfa51	arm32	18
venetium-150.0.7871.226-win-arm32.zip	locales/ar_NEUTER.pak	ca73097bd968b363b7145e86b64f3c595e533808b0763dc8863a27fc363cfa51	arm32	18
venetium-150.0.7871.226-win-arm32.zip	locales/bg.pak	69ce6b9e5208f55ab4105c9df26791fcfb59211bdc7f856bfb09b35d4d3b35ff	arm32	1180426
venetium-150.0.7871.226-win-arm32.zip	locales/bg_FEMININE.pak	ca73097bd968b363b7145e86b64f3c595e533808b0763dc8863a27fc363cfa51	arm32	18
venetium-150.0.7871.226-win-arm32.zip	locales/bg_MASCULINE.pak	ca73097bd968b363b7145e86b64f3c595e533808b0763dc8863a27fc363cfa51	arm32	18
venetium-150.0.7871.226-win-arm32.zip	locales/bg_NEUTER.pak	ca73097bd968b363b7145e86b64f3c595e533808b0763dc8863a27fc363cfa51	arm32	18
venetium-150.0.7871.226-win-arm32.zip	locales/bn.pak	778b60421529acb04357bede852ebb7343bbfd8442152cdc185480fd2256e604	arm32	1512011
venetium-150.0.7871.226-win-arm32.zip	locales/bn_FEMININE.pak	ca73097bd968b363b7145e86b64f3c595e533808b0763dc8863a27fc363cfa51	arm32	18
venetium-150.0.7871.226-win-arm32.zip	locales/bn_MASCULINE.pak	ca73097bd968b363b7145e86b64f3c595e533808b0763dc8863a27fc363cfa51	arm32	18
venetium-150.0.7871.226-win-arm32.zip	locales/bn_NEUTER.pak	ca73097bd968b363b7145e86b64f3c595e533808b0763dc8863a27fc363cfa51	arm32	18
venetium-150.0.7871.226-win-arm32.zip	locales/ca.pak	65dfd14c567bff58624b4389c7d0a1ee2313a0cb4910ae72c803a64a58f76cc4	arm32	726653
venetium-150.0.7871.226-win-arm32.zip	locales/ca_FEMININE.pak	ca73097bd968b363b7145e86b64f3c595e533808b0763dc8863a27fc363cfa51	arm32	18
venetium-150.0.7871.226-win-arm32.zip	locales/ca_MASCULINE.pak	ca73097bd968b363b7145e86b64f3c595e533808b0763dc8863a27fc363cfa51	arm32	18
venetium-150.0.7871.226-win-arm32.zip	locales/ca_NEUTER.pak	ca73097bd968b363b7145e86b64f3c595e533808b0763dc8863a27fc363cfa51	arm32	18
venetium-150.0.7871.226-win-arm32.zip	locales/cs.pak	68529dc214fa4bcb260e94d3482d090ba659295a8f9270e0dff096fd795bf526	arm32	744986
venetium-150.0.7871.226-win-arm32.zip	locales/cs_FEMININE.pak	ca73097bd968b363b7145e86b64f3c595e533808b0763dc8863a27fc363cfa51	arm32	18
venetium-150.0.7871.226-win-arm32.zip	locales/cs_MASCULINE.pak	ca73097bd968b363b7145e86b64f3c595e533808b0763dc8863a27fc363cfa51	arm32	18
venetium-150.0.7871.226-win-arm32.zip	locales/cs_NEUTER.pak	ca73097bd968b363b7145e86b64f3c595e533808b0763dc8863a27fc363cfa51	arm32	18
venetium-150.0.7871.226-win-arm32.zip	locales/da.pak	b509f3baac8eafb016a24f4bd504a896be3daa5ab9607679ae516d1fa1f6fc22	arm32	673186
venetium-150.0.7871.226-win-arm32.zip	locales/da_FEMININE.pak	ca73097bd968b363b7145e86b64f3c595e533808b0763dc8863a27fc363cfa51	arm32	18
venetium-150.0.7871.226-win-arm32.zip	locales/da_MASCULINE.pak	ca73097bd968b363b7145e86b64f3c595e533808b0763dc8863a27fc363cfa51	arm32	18
venetium-150.0.7871.226-win-arm32.zip	locales/da_NEUTER.pak	ca73097bd968b363b7145e86b64f3c595e533808b0763dc8863a27fc363cfa51	arm32	18
venetium-150.0.7871.226-win-arm32.zip	locales/de.pak	932b98d031875c0bcaee81de420a87c84680bb187981b15204a5f6f976271807	arm32	728333
venetium-150.0.7871.226-win-arm32.zip	locales/de_FEMININE.pak	ca73097bd968b363b7145e86b64f3c595e533808b0763dc8863a27fc363cfa51	arm32	18
venetium-150.0.7871.226-win-arm32.zip	locales/de_MASCULINE.pak	ca73097bd968b363b7145e86b64f3c595e533808b0763dc8863a27fc363cfa51	arm32	18
venetium-150.0.7871.226-win-arm32.zip	locales/de_NEUTER.pak	ca73097bd968b363b7145e86b64f3c595e533808b0763dc8863a27fc363cfa51	arm32	18
venetium-150.0.7871.226-win-arm32.zip	locales/el.pak	fa69afb0828d7199ccbb6052eed5e49b3657c96a0a4b74ad172de101f7632b9a	arm32	1295671
venetium-150.0.7871.226-win-arm32.zip	locales/el_FEMININE.pak	ca73097bd968b363b7145e86b64f3c595e533808b0763dc8863a27fc363cfa51	arm32	18
venetium-150.0.7871.226-win-arm32.zip	locales/el_MASCULINE.pak	ca73097bd968b363b7145e86b64f3c595e533808b0763dc8863a27fc363cfa51	arm32	18
venetium-150.0.7871.226-win-arm32.zip	locales/el_NEUTER.pak	ca73097bd968b363b7145e86b64f3c595e533808b0763dc8863a27fc363cfa51	arm32	18
venetium-150.0.7871.226-win-arm32.zip	locales/en-GB.pak	d3f90207d6459c04eedf430d43c342352786b3ca8c35f713f16e5c63b1948f37	arm32	582277
venetium-150.0.7871.226-win-arm32.zip	locales/en-GB_FEMININE.pak	ca73097bd968b363b7145e86b64f3c595e533808b0763dc8863a27fc363cfa51	arm32	18
venetium-150.0.7871.226-win-arm32.zip	locales/en-GB_MASCULINE.pak	ca73097bd968b363b7145e86b64f3c595e533808b0763dc8863a27fc363cfa51	arm32	18
venetium-150.0.7871.226-win-arm32.zip	locales/en-GB_NEUTER.pak	ca73097bd968b363b7145e86b64f3c595e533808b0763dc8863a27fc363cfa51	arm32	18
venetium-150.0.7871.226-win-arm32.zip	locales/en-US.pak	a63307bd693ac46e352bc8eeeea3e8cfb31c11df91dbfb7a7e96f6b61adb0b48	arm32	584755
venetium-150.0.7871.226-win-arm32.zip	locales/en-US_FEMININE.pak	ca73097bd968b363b7145e86b64f3c595e533808b0763dc8863a27fc363cfa51	arm32	18
venetium-150.0.7871.226-win-arm32.zip	locales/en-US_MASCULINE.pak	ca73097bd968b363b7145e86b64f3c595e533808b0763dc8863a27fc363cfa51	arm32	18
venetium-150.0.7871.226-win-arm32.zip	locales/en-US_NEUTER.pak	ca73097bd968b363b7145e86b64f3c595e533808b0763dc8863a27fc363cfa51	arm32	18
venetium-150.0.7871.226-win-arm32.zip	locales/en-XA.pak	842e3dc15300c577390eecd508361769abc9f99c5758a6d9e1c46c5b89379b5a	arm32	1311318
venetium-150.0.7871.226-win-arm32.zip	locales/en-XA_FEMININE.pak	ca73097bd968b363b7145e86b64f3c595e533808b0763dc8863a27fc363cfa51	arm32	18
venetium-150.0.7871.226-win-arm32.zip	locales/en-XA_MASCULINE.pak	ca73097bd968b363b7145e86b64f3c595e533808b0763dc8863a27fc363cfa51	arm32	18
venetium-150.0.7871.226-win-arm32.zip	locales/en-XA_NEUTER.pak	ca73097bd968b363b7145e86b64f3c595e533808b0763dc8863a27fc363cfa51	arm32	18
venetium-150.0.7871.226-win-arm32.zip	locales/es-419.pak	20edb2d4dc38ab83ff8561fabfdcc85303bacf9922d68bec61b673c8e3011d69	arm32	712386
venetium-150.0.7871.226-win-arm32.zip	locales/es-419_FEMININE.pak	ca73097bd968b363b7145e86b64f3c595e533808b0763dc8863a27fc363cfa51	arm32	18
venetium-150.0.7871.226-win-arm32.zip	locales/es-419_MASCULINE.pak	ca73097bd968b363b7145e86b64f3c595e533808b0763dc8863a27fc363cfa51	arm32	18
venetium-150.0.7871.226-win-arm32.zip	locales/es-419_NEUTER.pak	ca73097bd968b363b7145e86b64f3c595e533808b0763dc8863a27fc363cfa51	arm32	18
venetium-150.0.7871.226-win-arm32.zip	locales/es.pak	ad070dadaa8f79b06afd1c134406f09484fb2240c17cf19f4c5bc19ce87c3961	arm32	707150
venetium-150.0.7871.226-win-arm32.zip	locales/es_FEMININE.pak	ca73097bd968b363b7145e86b64f3c595e533808b0763dc8863a27fc363cfa51	arm32	18
venetium-150.0.7871.226-win-arm32.zip	locales/es_MASCULINE.pak	ca73097bd968b363b7145e86b64f3c595e533808b0763dc8863a27fc363cfa51	arm32	18
venetium-150.0.7871.226-win-arm32.zip	locales/es_NEUTER.pak	ca73097bd968b363b7145e86b64f3c595e533808b0763dc8863a27fc363cfa51	arm32	18
venetium-150.0.7871.226-win-arm32.zip	locales/et.pak	93e8a0d35e4280df65987692bf8a35877fa65bf821a6863c27692eacce15db63	arm32	647597
venetium-150.0.7871.226-win-arm32.zip	locales/et_FEMININE.pak	ca73097bd968b363b7145e86b64f3c595e533808b0763dc8863a27fc363cfa51	arm32	18
venetium-150.0.7871.226-win-arm32.zip	locales/et_MASCULINE.pak	ca73097bd968b363b7145e86b64f3c595e533808b0763dc8863a27fc363cfa51	arm32	18
venetium-150.0.7871.226-win-arm32.zip	locales/et_NEUTER.pak	ca73097bd968b363b7145e86b64f3c595e533808b0763dc8863a27fc363cfa51	arm32	18
venetium-150.0.7871.226-win-arm32.zip	locales/fa.pak	05431f1cc5398e57e235cd769534406665dce4b7b800dc076d4b6be4d69544e6	arm32	1062837
venetium-150.0.7871.226-win-arm32.zip	locales/fa_FEMININE.pak	ca73097bd968b363b7145e86b64f3c595e533808b0763dc8863a27fc363cfa51	arm32	18
venetium-150.0.7871.226-win-arm32.zip	locales/fa_MASCULINE.pak	ca73097bd968b363b7145e86b64f3c595e533808b0763dc8863a27fc363cfa51	arm32	18
venetium-150.0.7871.226-win-arm32.zip	locales/fa_NEUTER.pak	ca73097bd968b363b7145e86b64f3c595e533808b0763dc8863a27fc363cfa51	arm32	18
venetium-150.0.7871.226-win-arm32.zip	locales/fi.pak	2135f511ce39a7b16e6a2678406e1fe7318ff004598e436fa4b5a2b09b5de3bc	arm32	657250
venetium-150.0.7871.226-win-arm32.zip	locales/fi_FEMININE.pak	ca73097bd968b363b7145e86b64f3c595e533808b0763dc8863a27fc363cfa51	arm32	18
venetium-150.0.7871.226-win-arm32.zip	locales/fi_MASCULINE.pak	ca73097bd968b363b7145e86b64f3c595e533808b0763dc8863a27fc363cfa51	arm32	18
venetium-150.0.7871.226-win-arm32.zip	locales/fi_NEUTER.pak	ca73097bd968b363b7145e86b64f3c595e533808b0763dc8863a27fc363cfa51	arm32	18
venetium-150.0.7871.226-win-arm32.zip	locales/fil.pak	7b45a06f81d80fa3940b7da472f6090bbb531b4ab67dd9c17fadc580508077a8	arm32	743989
venetium-150.0.7871.226-win-arm32.zip	locales/fil_FEMININE.pak	ca73097bd968b363b7145e86b64f3c595e533808b0763dc8863a27fc363cfa51	arm32	18
venetium-150.0.7871.226-win-arm32.zip	locales/fil_MASCULINE.pak	ca73097bd968b363b7145e86b64f3c595e533808b0763dc8863a27fc363cfa51	arm32	18
venetium-150.0.7871.226-win-arm32.zip	locales/fil_NEUTER.pak	ca73097bd968b363b7145e86b64f3c595e533808b0763dc8863a27fc363cfa51	arm32	18
venetium-150.0.7871.226-win-arm32.zip	locales/fr.pak	17f8269f50c2cc89e42946454736b29a1815de8322d5dbaf4b2e8938a3ae3a1e	arm32	771181
venetium-150.0.7871.226-win-arm32.zip	locales/fr_FEMININE.pak	ca73097bd968b363b7145e86b64f3c595e533808b0763dc8863a27fc363cfa51	arm32	18
venetium-150.0.7871.226-win-arm32.zip	locales/fr_MASCULINE.pak	ca73097bd968b363b7145e86b64f3c595e533808b0763dc8863a27fc363cfa51	arm32	18
venetium-150.0.7871.226-win-arm32.zip	locales/fr_NEUTER.pak	ca73097bd968b363b7145e86b64f3c595e533808b0763dc8863a27fc363cfa51	arm32	18
venetium-150.0.7871.226-win-arm32.zip	locales/gu.pak	a5509fd5d219c6e2c232c689f350798aa62a5d64366cb4a4e67b512027ab0905	arm32	1499459
venetium-150.0.7871.226-win-arm32.zip	locales/gu_FEMININE.pak	ca73097bd968b363b7145e86b64f3c595e533808b0763dc8863a27fc363cfa51	arm32	18
venetium-150.0.7871.226-win-arm32.zip	locales/gu_MASCULINE.pak	ca73097bd968b363b7145e86b64f3c595e533808b0763dc8863a27fc363cfa51	arm32	18
venetium-150.0.7871.226-win-arm32.zip	locales/gu_NEUTER.pak	ca73097bd968b363b7145e86b64f3c595e533808b0763dc8863a27fc363cfa51	arm32	18
venetium-150.0.7871.226-win-arm32.zip	locales/he.pak	3de73cfd32a92a8f226819097cd3976a776ea00b946717db5e028d0194b9f4b4	arm32	934828
venetium-150.0.7871.226-win-arm32.zip	locales/he_FEMININE.pak	ca73097bd968b363b7145e86b64f3c595e533808b0763dc8863a27fc363cfa51	arm32	18
venetium-150.0.7871.226-win-arm32.zip	locales/he_MASCULINE.pak	ca73097bd968b363b7145e86b64f3c595e533808b0763dc8863a27fc363cfa51	arm32	18
venetium-150.0.7871.226-win-arm32.zip	locales/he_NEUTER.pak	ca73097bd968b363b7145e86b64f3c595e533808b0763dc8863a27fc363cfa51	arm32	18
venetium-150.0.7871.226-win-arm32.zip	locales/hi.pak	e1f1e5dbae550e15cc6fed8c10585ef83ebef753740970a3a414bacd9dac6032	arm32	1599324
venetium-150.0.7871.226-win-arm32.zip	locales/hi_FEMININE.pak	ca73097bd968b363b7145e86b64f3c595e533808b0763dc8863a27fc363cfa51	arm32	18
venetium-150.0.7871.226-win-arm32.zip	locales/hi_MASCULINE.pak	ca73097bd968b363b7145e86b64f3c595e533808b0763dc8863a27fc363cfa51	arm32	18
venetium-150.0.7871.226-win-arm32.zip	locales/hi_NEUTER.pak	ca73097bd968b363b7145e86b64f3c595e533808b0763dc8863a27fc363cfa51	arm32	18
venetium-150.0.7871.226-win-arm32.zip	locales/hr.pak	ae3db8b28dea1d0f5f11fa3bf9f321d14826dfa5843be01e6190c852f0f9c19c	arm32	717565
venetium-150.0.7871.226-win-arm32.zip	locales/hr_FEMININE.pak	ca73097bd968b363b7145e86b64f3c595e533808b0763dc8863a27fc363cfa51	arm32	18
venetium-150.0.7871.226-win-arm32.zip	locales/hr_MASCULINE.pak	ca73097bd968b363b7145e86b64f3c595e533808b0763dc8863a27fc363cfa51	arm32	18
venetium-150.0.7871.226-win-arm32.zip	locales/hr_NEUTER.pak	ca73097bd968b363b7145e86b64f3c595e533808b0763dc8863a27fc363cfa51	arm32	18
venetium-150.0.7871.226-win-arm32.zip	locales/hu.pak	f8f61c74cd27d09ae4ff81efac351e1c979a2c06eb58e82af1cc551740bd1cf1	arm32	767892
venetium-150.0.7871.226-win-arm32.zip	locales/hu_FEMININE.pak	ca73097bd968b363b7145e86b64f3c595e533808b0763dc8863a27fc363cfa51	arm32	18
venetium-150.0.7871.226-win-arm32.zip	locales/hu_MASCULINE.pak	ca73097bd968b363b7145e86b64f3c595e533808b0763dc8863a27fc363cfa51	arm32	18
venetium-150.0.7871.226-win-arm32.zip	locales/hu_NEUTER.pak	ca73097bd968b363b7145e86b64f3c595e533808b0763dc8863a27fc363cfa51	arm32	18
venetium-150.0.7871.226-win-arm32.zip	locales/id.pak	ac647e5c7ed64d46011076c8033ba7e1bc8426c75690bea58ba62c2d3dc50e83	arm32	637444
venetium-150.0.7871.226-win-arm32.zip	locales/id_FEMININE.pak	ca73097bd968b363b7145e86b64f3c595e533808b0763dc8863a27fc363cfa51	arm32	18
venetium-150.0.7871.226-win-arm32.zip	locales/id_MASCULINE.pak	ca73097bd968b363b7145e86b64f3c595e533808b0763dc8863a27fc363cfa51	arm32	18
venetium-150.0.7871.226-win-arm32.zip	locales/id_NEUTER.pak	ca73097bd968b363b7145e86b64f3c595e533808b0763dc8863a27fc363cfa51	arm32	18
venetium-150.0.7871.226-win-arm32.zip	locales/it.pak	6b3daf5f6f40ea377fbea0e072e02e6b3543437bdc4809a7084990aee27a9dcd	arm32	703110
venetium-150.0.7871.226-win-arm32.zip	locales/it_FEMININE.pak	ca73097bd968b363b7145e86b64f3c595e533808b0763dc8863a27fc363cfa51	arm32	18
venetium-150.0.7871.226-win-arm32.zip	locales/it_MASCULINE.pak	ca73097bd968b363b7145e86b64f3c595e533808b0763dc8863a27fc363cfa51	arm32	18
venetium-150.0.7871.226-win-arm32.zip	locales/it_NEUTER.pak	ca73097bd968b363b7145e86b64f3c595e533808b0763dc8863a27fc363cfa51	arm32	18
venetium-150.0.7871.226-win-arm32.zip	locales/ja.pak	3153807633ca621cd4138b09eef6f253384b41b355b4aed47108d2ee594f6c53	arm32	852258
venetium-150.0.7871.226-win-arm32.zip	locales/ja_FEMININE.pak	ca73097bd968b363b7145e86b64f3c595e533808b0763dc8863a27fc363cfa51	arm32	18
venetium-150.0.7871.226-win-arm32.zip	locales/ja_MASCULINE.pak	ca73097bd968b363b7145e86b64f3c595e533808b0763dc8863a27fc363cfa51	arm32	18
venetium-150.0.7871.226-win-arm32.zip	locales/ja_NEUTER.pak	ca73097bd968b363b7145e86b64f3c595e533808b0763dc8863a27fc363cfa51	arm32	18
venetium-150.0.7871.226-win-arm32.zip	locales/kn.pak	efd476f316d1584f879195a230bd626da62b8ae9f1a613d2383751fd2ceb8309	arm32	1715928
venetium-150.0.7871.226-win-arm32.zip	locales/kn_FEMININE.pak	ca73097bd968b363b7145e86b64f3c595e533808b0763dc8863a27fc363cfa51	arm32	18
venetium-150.0.7871.226-win-arm32.zip	locales/kn_MASCULINE.pak	ca73097bd968b363b7145e86b64f3c595e533808b0763dc8863a27fc363cfa51	arm32	18
venetium-150.0.7871.226-win-arm32.zip	locales/kn_NEUTER.pak	ca73097bd968b363b7145e86b64f3c595e533808b0763dc8863a27fc363cfa51	arm32	18
venetium-150.0.7871.226-win-arm32.zip	locales/ko.pak	36cdbc73a40c8a5423524f333241c66b35182f563c81f63c4f95efc118618ac9	arm32	722650
venetium-150.0.7871.226-win-arm32.zip	locales/ko_FEMININE.pak	ca73097bd968b363b7145e86b64f3c595e533808b0763dc8863a27fc363cfa51	arm32	18
venetium-150.0.7871.226-win-arm32.zip	locales/ko_MASCULINE.pak	ca73097bd968b363b7145e86b64f3c595e533808b0763dc8863a27fc363cfa51	arm32	18
venetium-150.0.7871.226-win-arm32.zip	locales/ko_NEUTER.pak	ca73097bd968b363b7145e86b64f3c595e533808b0763dc8863a27fc363cfa51	arm32	18
venetium-150.0.7871.226-win-arm32.zip	locales/lt.pak	22d3c1aaa3575e160739e5142f7e77e954d6c950fc73ae276d3fb61a25b35c3b	arm32	780720
venetium-150.0.7871.226-win-arm32.zip	locales/lt_FEMININE.pak	ca73097bd968b363b7145e86b64f3c595e533808b0763dc8863a27fc363cfa51	arm32	18
venetium-150.0.7871.226-win-arm32.zip	locales/lt_MASCULINE.pak	ca73097bd968b363b7145e86b64f3c595e533808b0763dc8863a27fc363cfa51	arm32	18
venetium-150.0.7871.226-win-arm32.zip	locales/lt_NEUTER.pak	ca73097bd968b363b7145e86b64f3c595e533808b0763dc8863a27fc363cfa51	arm32	18
venetium-150.0.7871.226-win-arm32.zip	locales/lv.pak	158183fdd33936df950a5cefa7e0743948a6e5e90de86e753e67c256b1de6aa4	arm32	778027
venetium-150.0.7871.226-win-arm32.zip	locales/lv_FEMININE.pak	ca73097bd968b363b7145e86b64f3c595e533808b0763dc8863a27fc363cfa51	arm32	18
venetium-150.0.7871.226-win-arm32.zip	locales/lv_MASCULINE.pak	ca73097bd968b363b7145e86b64f3c595e533808b0763dc8863a27fc363cfa51	arm32	18
venetium-150.0.7871.226-win-arm32.zip	locales/lv_NEUTER.pak	ca73097bd968b363b7145e86b64f3c595e533808b0763dc8863a27fc363cfa51	arm32	18
venetium-150.0.7871.226-win-arm32.zip	locales/ml.pak	5cb6ac24df04ec8e1853fafdaf143b9b68cbcf0b7aded6607a26278eaff24295	arm32	1763603
venetium-150.0.7871.226-win-arm32.zip	locales/ml_FEMININE.pak	ca73097bd968b363b7145e86b64f3c595e533808b0763dc8863a27fc363cfa51	arm32	18
venetium-150.0.7871.226-win-arm32.zip	locales/ml_MASCULINE.pak	ca73097bd968b363b7145e86b64f3c595e533808b0763dc8863a27fc363cfa51	arm32	18
venetium-150.0.7871.226-win-arm32.zip	locales/ml_NEUTER.pak	ca73097bd968b363b7145e86b64f3c595e533808b0763dc8863a27fc363cfa51	arm32	18
venetium-150.0.7871.226-win-arm32.zip	locales/mr.pak	754839b9214fcf0bd6b21356f70b38393620a12df9aad44440b0ee63d2f36a08	arm32	1466103
venetium-150.0.7871.226-win-arm32.zip	locales/mr_FEMININE.pak	ca73097bd968b363b7145e86b64f3c595e533808b0763dc8863a27fc363cfa51	arm32	18
venetium-150.0.7871.226-win-arm32.zip	locales/mr_MASCULINE.pak	ca73097bd968b363b7145e86b64f3c595e533808b0763dc8863a27fc363cfa51	arm32	18
venetium-150.0.7871.226-win-arm32.zip	locales/mr_NEUTER.pak	ca73097bd968b363b7145e86b64f3c595e533808b0763dc8863a27fc363cfa51	arm32	18
venetium-150.0.7871.226-win-arm32.zip	locales/ms.pak	a62865c98f065f236dad85fe74de5af46156bc118edb522c8c91c28607ba6677	arm32	670273
venetium-150.0.7871.226-win-arm32.zip	locales/ms_FEMININE.pak	ca73097bd968b363b7145e86b64f3c595e533808b0763dc8863a27fc363cfa51	arm32	18
venetium-150.0.7871.226-win-arm32.zip	locales/ms_MASCULINE.pak	ca73097bd968b363b7145e86b64f3c595e533808b0763dc8863a27fc363cfa51	arm32	18
venetium-150.0.7871.226-win-arm32.zip	locales/ms_NEUTER.pak	ca73097bd968b363b7145e86b64f3c595e533808b0763dc8863a27fc363cfa51	arm32	18
venetium-150.0.7871.226-win-arm32.zip	locales/nb.pak	9c33af5f7aea9a6895e7954bf665decde28394350ab17b760b8e74aa7cfca7c4	arm32	640898
venetium-150.0.7871.226-win-arm32.zip	locales/nb_FEMININE.pak	ca73097bd968b363b7145e86b64f3c595e533808b0763dc8863a27fc363cfa51	arm32	18
venetium-150.0.7871.226-win-arm32.zip	locales/nb_MASCULINE.pak	ca73097bd968b363b7145e86b64f3c595e533808b0763dc8863a27fc363cfa51	arm32	18
venetium-150.0.7871.226-win-arm32.zip	locales/nb_NEUTER.pak	ca73097bd968b363b7145e86b64f3c595e533808b0763dc8863a27fc363cfa51	arm32	18
venetium-150.0.7871.226-win-arm32.zip	locales/nl.pak	42ab49d21dff2bfb4feb69ffb9e1257c9f0ff67bd170790cb1ef734929fb649d	arm32	667680
venetium-150.0.7871.226-win-arm32.zip	locales/nl_FEMININE.pak	ca73097bd968b363b7145e86b64f3c595e533808b0763dc8863a27fc363cfa51	arm32	18
venetium-150.0.7871.226-win-arm32.zip	locales/nl_MASCULINE.pak	ca73097bd968b363b7145e86b64f3c595e533808b0763dc8863a27fc363cfa51	arm32	18
venetium-150.0.7871.226-win-arm32.zip	locales/nl_NEUTER.pak	ca73097bd968b363b7145e86b64f3c595e533808b0763dc8863a27fc363cfa51	arm32	18
venetium-150.0.7871.226-win-arm32.zip	locales/pl.pak	14a60d345a0131d952a0279256d246969a229fe4bca38709acd5a5dd769f9f8c	arm32	746287
venetium-150.0.7871.226-win-arm32.zip	locales/pl_FEMININE.pak	ca73097bd968b363b7145e86b64f3c595e533808b0763dc8863a27fc363cfa51	arm32	18
venetium-150.0.7871.226-win-arm32.zip	locales/pl_MASCULINE.pak	ca73097bd968b363b7145e86b64f3c595e533808b0763dc8863a27fc363cfa51	arm32	18
venetium-150.0.7871.226-win-arm32.zip	locales/pl_NEUTER.pak	ca73097bd968b363b7145e86b64f3c595e533808b0763dc8863a27fc363cfa51	arm32	18
venetium-150.0.7871.226-win-arm32.zip	locales/pt-BR.pak	1deeed8658e90c53ba433969fb79d8e9f305787699a00bb83f4596b98d579e23	arm32	698856
venetium-150.0.7871.226-win-arm32.zip	locales/pt-BR_FEMININE.pak	ca73097bd968b363b7145e86b64f3c595e533808b0763dc8863a27fc363cfa51	arm32	18
venetium-150.0.7871.226-win-arm32.zip	locales/pt-BR_MASCULINE.pak	ca73097bd968b363b7145e86b64f3c595e533808b0763dc8863a27fc363cfa51	arm32	18
venetium-150.0.7871.226-win-arm32.zip	locales/pt-BR_NEUTER.pak	ca73097bd968b363b7145e86b64f3c595e533808b0763dc8863a27fc363cfa51	arm32	18
venetium-150.0.7871.226-win-arm32.zip	locales/pt-PT.pak	0afe1b8f26ac0a9c12779d1eff4d6bf6082ef97e377daefa403d9754776148b0	arm32	703951
venetium-150.0.7871.226-win-arm32.zip	locales/pt-PT_FEMININE.pak	ca73097bd968b363b7145e86b64f3c595e533808b0763dc8863a27fc363cfa51	arm32	18
venetium-150.0.7871.226-win-arm32.zip	locales/pt-PT_MASCULINE.pak	ca73097bd968b363b7145e86b64f3c595e533808b0763dc8863a27fc363cfa51	arm32	18
venetium-150.0.7871.226-win-arm32.zip	locales/pt-PT_NEUTER.pak	ca73097bd968b363b7145e86b64f3c595e533808b0763dc8863a27fc363cfa51	arm32	18
venetium-150.0.7871.226-win-arm32.zip	locales/ro.pak	3096cb4a632a6775086b1c30fcfb71c0b6a3c4b442dd319b7dafe8ede1ae10e3	arm32	729770
venetium-150.0.7871.226-win-arm32.zip	locales/ro_FEMININE.pak	ca73097bd968b363b7145e86b64f3c595e533808b0763dc8863a27fc363cfa51	arm32	18
venetium-150.0.7871.226-win-arm32.zip	locales/ro_MASCULINE.pak	ca73097bd968b363b7145e86b64f3c595e533808b0763dc8863a27fc363cfa51	arm32	18
venetium-150.0.7871.226-win-arm32.zip	locales/ro_NEUTER.pak	ca73097bd968b363b7145e86b64f3c595e533808b0763dc8863a27fc363cfa51	arm32	18
venetium-150.0.7871.226-win-arm32.zip	locales/ru.pak	2055f64141c0b6b5a88ec0c5b64cad003036819096b929230cd4a423a941a06a	arm32	1205533
venetium-150.0.7871.226-win-arm32.zip	locales/ru_FEMININE.pak	ca73097bd968b363b7145e86b64f3c595e533808b0763dc8863a27fc363cfa51	arm32	18
venetium-150.0.7871.226-win-arm32.zip	locales/ru_MASCULINE.pak	ca73097bd968b363b7145e86b64f3c595e533808b0763dc8863a27fc363cfa51	arm32	18
venetium-150.0.7871.226-win-arm32.zip	locales/ru_NEUTER.pak	ca73097bd968b363b7145e86b64f3c595e533808b0763dc8863a27fc363cfa51	arm32	18
venetium-150.0.7871.226-win-arm32.zip	locales/sk.pak	294dfa32b97ee0c7cff8e1548389afb503e4edf9f4e5a78273d3ba5aabac5f06	arm32	756622
venetium-150.0.7871.226-win-arm32.zip	locales/sk_FEMININE.pak	ca73097bd968b363b7145e86b64f3c595e533808b0763dc8863a27fc363cfa51	arm32	18
venetium-150.0.7871.226-win-arm32.zip	locales/sk_MASCULINE.pak	ca73097bd968b363b7145e86b64f3c595e533808b0763dc8863a27fc363cfa51	arm32	18
venetium-150.0.7871.226-win-arm32.zip	locales/sk_NEUTER.pak	ca73097bd968b363b7145e86b64f3c595e533808b0763dc8863a27fc363cfa51	arm32	18
venetium-150.0.7871.226-win-arm32.zip	locales/sl.pak	0641b39d708627dc10c3d3496b61d8ea6ece15ebf6a3b3e540c8463c1ffdfd87	arm32	724993
venetium-150.0.7871.226-win-arm32.zip	locales/sl_FEMININE.pak	ca73097bd968b363b7145e86b64f3c595e533808b0763dc8863a27fc363cfa51	arm32	18
venetium-150.0.7871.226-win-arm32.zip	locales/sl_MASCULINE.pak	ca73097bd968b363b7145e86b64f3c595e533808b0763dc8863a27fc363cfa51	arm32	18
venetium-150.0.7871.226-win-arm32.zip	locales/sl_NEUTER.pak	ca73097bd968b363b7145e86b64f3c595e533808b0763dc8863a27fc363cfa51	arm32	18
venetium-150.0.7871.226-win-arm32.zip	locales/sr.pak	c31b8b8f9b3d195652a6539c88f406ba970d320de16b166ca2bddaee82c988c1	arm32	1113587
venetium-150.0.7871.226-win-arm32.zip	locales/sr_FEMININE.pak	ca73097bd968b363b7145e86b64f3c595e533808b0763dc8863a27fc363cfa51	arm32	18
venetium-150.0.7871.226-win-arm32.zip	locales/sr_MASCULINE.pak	ca73097bd968b363b7145e86b64f3c595e533808b0763dc8863a27fc363cfa51	arm32	18
venetium-150.0.7871.226-win-arm32.zip	locales/sr_NEUTER.pak	ca73097bd968b363b7145e86b64f3c595e533808b0763dc8863a27fc363cfa51	arm32	18
venetium-150.0.7871.226-win-arm32.zip	locales/sv.pak	e51569b3ec5b8282870fb7c25de76efd048a98fc385ecd43562a08f348ad06f9	arm32	649526
venetium-150.0.7871.226-win-arm32.zip	locales/sv_FEMININE.pak	ca73097bd968b363b7145e86b64f3c595e533808b0763dc8863a27fc363cfa51	arm32	18
venetium-150.0.7871.226-win-arm32.zip	locales/sv_MASCULINE.pak	ca73097bd968b363b7145e86b64f3c595e533808b0763dc8863a27fc363cfa51	arm32	18
venetium-150.0.7871.226-win-arm32.zip	locales/sv_NEUTER.pak	ca73097bd968b363b7145e86b64f3c595e533808b0763dc8863a27fc363cfa51	arm32	18
venetium-150.0.7871.226-win-arm32.zip	locales/sw.pak	306b7bb5d32d1842ab7f10595bf12a78f7ed0f9233576d46a7d6bda91cad565a	arm32	686805
venetium-150.0.7871.226-win-arm32.zip	locales/sw_FEMININE.pak	ca73097bd968b363b7145e86b64f3c595e533808b0763dc8863a27fc363cfa51	arm32	18
venetium-150.0.7871.226-win-arm32.zip	locales/sw_MASCULINE.pak	ca73097bd968b363b7145e86b64f3c595e533808b0763dc8863a27fc363cfa51	arm32	18
venetium-150.0.7871.226-win-arm32.zip	locales/sw_NEUTER.pak	ca73097bd968b363b7145e86b64f3c595e533808b0763dc8863a27fc363cfa51	arm32	18
venetium-150.0.7871.226-win-arm32.zip	locales/ta.pak	fef7b7fdea83890041998616df5b039ccd3a488215248e31e6832c07abd08822	arm32	1758571
venetium-150.0.7871.226-win-arm32.zip	locales/ta_FEMININE.pak	ca73097bd968b363b7145e86b64f3c595e533808b0763dc8863a27fc363cfa51	arm32	18
venetium-150.0.7871.226-win-arm32.zip	locales/ta_MASCULINE.pak	ca73097bd968b363b7145e86b64f3c595e533808b0763dc8863a27fc363cfa51	arm32	18
venetium-150.0.7871.226-win-arm32.zip	locales/ta_NEUTER.pak	ca73097bd968b363b7145e86b64f3c595e533808b0763dc8863a27fc363cfa51	arm32	18
venetium-150.0.7871.226-win-arm32.zip	locales/te.pak	7aae7408528ef917ce3122234a55d6e723b2eaf4816ba9b603a9d88302aa8268	arm32	1626079
venetium-150.0.7871.226-win-arm32.zip	locales/te_FEMININE.pak	ca73097bd968b363b7145e86b64f3c595e533808b0763dc8863a27fc363cfa51	arm32	18
venetium-150.0.7871.226-win-arm32.zip	locales/te_MASCULINE.pak	ca73097bd968b363b7145e86b64f3c595e533808b0763dc8863a27fc363cfa51	arm32	18
venetium-150.0.7871.226-win-arm32.zip	locales/te_NEUTER.pak	ca73097bd968b363b7145e86b64f3c595e533808b0763dc8863a27fc363cfa51	arm32	18
venetium-150.0.7871.226-win-arm32.zip	locales/th.pak	bbe076e87a1c0e46b052f486d8d43550c40397b053fd3895567fe8fa8fc7cb7a	arm32	1368306
venetium-150.0.7871.226-win-arm32.zip	locales/th_FEMININE.pak	ca73097bd968b363b7145e86b64f3c595e533808b0763dc8863a27fc363cfa51	arm32	18
venetium-150.0.7871.226-win-arm32.zip	locales/th_MASCULINE.pak	ca73097bd968b363b7145e86b64f3c595e533808b0763dc8863a27fc363cfa51	arm32	18
venetium-150.0.7871.226-win-arm32.zip	locales/th_NEUTER.pak	ca73097bd968b363b7145e86b64f3c595e533808b0763dc8863a27fc363cfa51	arm32	18
venetium-150.0.7871.226-win-arm32.zip	locales/tr.pak	21e452209f717c7a5926d2cff2c711e5410c4452186d7db017aa50ae1b287218	arm32	699413
venetium-150.0.7871.226-win-arm32.zip	locales/tr_FEMININE.pak	ca73097bd968b363b7145e86b64f3c595e533808b0763dc8863a27fc363cfa51	arm32	18
venetium-150.0.7871.226-win-arm32.zip	locales/tr_MASCULINE.pak	ca73097bd968b363b7145e86b64f3c595e533808b0763dc8863a27fc363cfa51	arm32	18
venetium-150.0.7871.226-win-arm32.zip	locales/tr_NEUTER.pak	ca73097bd968b363b7145e86b64f3c595e533808b0763dc8863a27fc363cfa51	arm32	18
venetium-150.0.7871.226-win-arm32.zip	locales/uk.pak	4a8115e310e797f06e537a63f39c203da12563da533242617055a009880a4ec5	arm32	1211711
venetium-150.0.7871.226-win-arm32.zip	locales/uk_FEMININE.pak	ca73097bd968b363b7145e86b64f3c595e533808b0763dc8863a27fc363cfa51	arm32	18
venetium-150.0.7871.226-win-arm32.zip	locales/uk_MASCULINE.pak	ca73097bd968b363b7145e86b64f3c595e533808b0763dc8863a27fc363cfa51	arm32	18
venetium-150.0.7871.226-win-arm32.zip	locales/uk_NEUTER.pak	ca73097bd968b363b7145e86b64f3c595e533808b0763dc8863a27fc363cfa51	arm32	18
venetium-150.0.7871.226-win-arm32.zip	locales/ur.pak	4b579e07dd834d4fc2f9d7f29dfdc7b49250545fc5da3e002f28e65c3a26dd35	arm32	1045536
venetium-150.0.7871.226-win-arm32.zip	locales/ur_FEMININE.pak	ca73097bd968b363b7145e86b64f3c595e533808b0763dc8863a27fc363cfa51	arm32	18
venetium-150.0.7871.226-win-arm32.zip	locales/ur_MASCULINE.pak	ca73097bd968b363b7145e86b64f3c595e533808b0763dc8863a27fc363cfa51	arm32	18
venetium-150.0.7871.226-win-arm32.zip	locales/ur_NEUTER.pak	ca73097bd968b363b7145e86b64f3c595e533808b0763dc8863a27fc363cfa51	arm32	18
venetium-150.0.7871.226-win-arm32.zip	locales/vi.pak	3b0a6765eda0f5cd722ca8933c4f687d8872ebea77dcf3d263ca9176c016478c	arm32	832192
venetium-150.0.7871.226-win-arm32.zip	locales/vi_FEMININE.pak	ca73097bd968b363b7145e86b64f3c595e533808b0763dc8863a27fc363cfa51	arm32	18
venetium-150.0.7871.226-win-arm32.zip	locales/vi_MASCULINE.pak	ca73097bd968b363b7145e86b64f3c595e533808b0763dc8863a27fc363cfa51	arm32	18
venetium-150.0.7871.226-win-arm32.zip	locales/vi_NEUTER.pak	ca73097bd968b363b7145e86b64f3c595e533808b0763dc8863a27fc363cfa51	arm32	18
venetium-150.0.7871.226-win-arm32.zip	locales/zh-CN.pak	4f1248c5819c0dcc96bffc9a0bb1b890b8339b3fbfbef2a812271faf1bae82db	arm32	594965
venetium-150.0.7871.226-win-arm32.zip	locales/zh-CN_FEMININE.pak	ca73097bd968b363b7145e86b64f3c595e533808b0763dc8863a27fc363cfa51	arm32	18
venetium-150.0.7871.226-win-arm32.zip	locales/zh-CN_MASCULINE.pak	ca73097bd968b363b7145e86b64f3c595e533808b0763dc8863a27fc363cfa51	arm32	18
venetium-150.0.7871.226-win-arm32.zip	locales/zh-CN_NEUTER.pak	ca73097bd968b363b7145e86b64f3c595e533808b0763dc8863a27fc363cfa51	arm32	18
venetium-150.0.7871.226-win-arm32.zip	locales/zh-TW.pak	f7af6b6cf500539ba8381a965a15421009cd065597c21ba9efaf68f52025615e	arm32	589277
venetium-150.0.7871.226-win-arm32.zip	locales/zh-TW_FEMININE.pak	ca73097bd968b363b7145e86b64f3c595e533808b0763dc8863a27fc363cfa51	arm32	18
venetium-150.0.7871.226-win-arm32.zip	locales/zh-TW_MASCULINE.pak	ca73097bd968b363b7145e86b64f3c595e533808b0763dc8863a27fc363cfa51	arm32	18
venetium-150.0.7871.226-win-arm32.zip	locales/zh-TW_NEUTER.pak	ca73097bd968b363b7145e86b64f3c595e533808b0763dc8863a27fc363cfa51	arm32	18
venetium-150.0.7871.226-win-arm32.zip	Logo.png	eda7bca72e02c8de070ec4ca65ec8f0ff464859350aa387ca7bc18da0544baf8	arm32	75233
venetium-150.0.7871.226-win-arm32.zip	MEIPreload/manifest.json	44844cf3dde6e80087ae0e6bf0d9326d7ef7d23326d24ac83af0850be26923d2	arm32	238
venetium-150.0.7871.226-win-arm32.zip	MEIPreload/preloaded_data.pb	c6070a157b4e28d16fbccbd233e93846ddb070c85e1a1bc64469b7a5f1424fad	arm32	8254
venetium-150.0.7871.226-win-arm32.zip	notification_helper.exe	b1939f730650fbcd71c6e2c92419aa6e28bee774efb052f21c63f3f0cbb6a453	arm32	926720
venetium-150.0.7871.226-win-arm32.zip	PrivacySandboxAttestationsPreloaded/manifest.json	51c311a4ba03140bcd1c827f8d93dba50cadda736925903b26e95609275dbffd	arm32	122
venetium-150.0.7871.226-win-arm32.zip	PrivacySandboxAttestationsPreloaded/privacy-sandbox-attestations.dat	59e345dc13aedee9ea46b92e58300ecaca944aaea9384c7af885400ac2ae8806	arm32	7624
venetium-150.0.7871.226-win-arm32.zip	resources.pak	6737b86a117fce64a224ed21879c9bc594ee1184bcbb438d3c5c9a5dc6153925	arm32	14485857
venetium-150.0.7871.226-win-arm32.zip	SmallLogo.png	7ec1abb54d23004171588691e9b53ba68bb4591f5b980d88e70aa0fec41e958f	arm32	25700
venetium-150.0.7871.226-win-arm32.zip	v8_context_snapshot.bin	8aa79b4fdb481ffcea109036041e7e361c10cdefe3152c770e1daf8b97317bb4	arm32	730936
venetium-150.0.7871.226-win-arm32.zip	venetium.exe	4430de309f6005d029e8aa0229d245ec74b3ea2ac8bfadd56aea6e21911695ac	arm32	2344960
venetium-150.0.7871.226-win-arm32.zip	vulkan-1.dll	7ac5409a368f6bd679a9b2f863bc45b99611ecc1aede02caa5e68186ea1ab001	arm32	782336
